2023-04-13 04:26:59,0x72d1965d39af68058cbb943f7aea7a6a648b1c2009dca25624c80799f7f787d1,6,0x4e2e67836d10b02b1dce78591af6dfd1e2d7bcba,0x36592e9be63dc28bfccd1a595828035300902336
2023-03-24 04:39:11,0x9f7c656cf424b6207c7a57425d071600f8ff44ab43ecfa33a513a0be50ca8aef,6,0x6318f034a969c061f3672bbb8f9a0318652a1abe,0x6590b3665a6d0e9e767a410291ac5c5665416e5b
2023-03-09 00:54:47,0xec41330cecbf510b9634a46dd84ca0918b1370b45d82650c5054941ccf8a0a09,5.5,0x09fde2eda4d2bc32171ff41d7a7345ca3acd8c74,0x010d1ae300ebbfe8e31e53ef8bebd59a8169a3f5
2023-02-26 06:05:35,0x6ef445602bbc0f2c26f76b3684a9cafaacf70bf6f51351724e7323d6f7c6b3da,5,0x0e5a1d84ed69067c078596bc6a17452425b005f1,0x792a29b36483856308d5098ab64a029fe9b101ba
2023-02-21 00:28:59,0xbaa050a076d05922a142092b5c3571dc964575db1299892f9be8a9a8cca3340d,4.9,0x3f88b881eeb51d881d0f745ebfa6ca8420b0c85c,0x9f1d56db473bdfaae52ea55c484bf1b7f5f0eee8
2023-02-07 00:12:59,0x6c9d79007f3e5b9681979e75eab3d413badf6e0d8ba6d986b72752c9eca43b3e,5.5,0x2e9a18d66f2fc535497cfb395d7f1bcb6746e582,0x5674eb7299d81c603732eb9e68805f8135a9ab91
2023-02-05 13:24:47,0x82a6a07b94eaa20b99d6b9bbbd1612c78f6ee96be8872eb75acd3ae8c3c98120,5,0xae805b9eaa5a04f307b439484ed881e75d36ac73,0x87accabbdedce63379af9d246bb979a3a481534c
2022-12-27 22:58:59,0x9247f33707ed0ed3cdf14f00692bee5eff24c8cdff128c99a7062323958670a5,5,0xbc4fcb613ce1e41db0cb2a9b48d1ae559cd21785,0x5da169e7d08b3f0fa675bb88736898df884502a0
2022-12-09 23:27:35,0x9805f4856bb1bf8c2c19b26ef1465d778bfd9b110cfd03253ce87928f8e7ca43,4,0xd2b954a0635096ddaadd7ff1d5a182198f02fcae,0x66362b929c1a9aaf14c51aab9b455ad7fb8268c4
2022-12-09 03:06:11,0xa7f8d79f5aaf26d8e8cf33f9bccb9421a69ce6cd130ffe5160b0fd0981757e58,4,0xb9fe66b3440edd0cf5f1d1a55c75f8a8e59b6cb2,0x82164569ee6b43312351c9c346872a1a007cadd4
2022-10-06 10:44:35,0xb1e9437c4b3a553ab66ad3b196dff92c655485e6b53b7d25d1f0d77042d9a407,5,0x3753fa57980fd180655c281158e428ca994d6dfa,0xa8eb4ee8087892b8349bbea3d6d99e6040628652
2022-10-03 17:25:35,0x6f5deef2b5cfc3505e90b7ab31ef716f9bc088e795145d4bffc56d05bfb3e1e1,4.69,0x4298e663517593284ad4fe199b21815bd48a9969,0x32bed41e1664b980e52945e770fe688981a49c1b
2022-09-09 09:05:48,0x5c643c6394e43caaef42a30081414ad9d74d3d3db4954c28bbe42fbde9133eac,6.8,0x3febb7a93aa9865c7bc1ae14dcc94ff0a7132d46,0x199a13066e172a20e698141ad0aca4b94899ac96
2022-08-26 16:33:53,0x65bf2a70440a609c495a3cb8d016a98c134d980859adba41e78130b0c7eea101,6.1,0x23819f5596942e3098e1f924445eabcc79f7a40b,0x3d94ad98414955eeb39b2a96ea447dcc25bef093
2022-08-23 02:10:29,0xaa907344427f2929f0fce11b7ba336143017f49070ee9344b260cbaa3c7a3073,6.9,0xdb3ff3567157210ad445d7bc50ffa41f63de7f28,0x90faa3187fcfb4d7efd46100fdc245010713c0d1
2022-08-07 16:24:11,0xc03491de1e4d29b1041fdfc3e6e6d3e967a3aca8fc5f0a7daa7e5f4d07c4fdd3,9,0x3546bd99767246c358ff1497f1580c8365b25ac8,0x95e8bc9704ed8dabce0fc899eeb1aaad13747b16
2022-07-22 10:00:36,0x34929ee800d012a2f865b8685cd7c26a8b391762773249cacc3fbda04ddc4095,10,0x881eb6fd0b49b90edb2cd42263311db50bc07465,0x19d41c96fe9b9dd66e474d96cc5f8b566aaab6d7
2022-07-19 11:38:46,0x4c61311891ce746903a6bf6609d3e8610cd61b63d0254945a506d503f8849dda,8,0x2f57ab3ac31f4113d465379f423539441d177dd2,0x2231cb0f8812185e29eb9366ab152d792b6598f5
2022-05-27 21:27:27,0x69528d7588ba13cf66988abc9c0711fc5ec7da58d3fcce4bfd380e5b91a6bde5,9.9,0xfac13aa104b172f2be3f6eb1a9548fe3bf1c818e,0x697da3c2e359cc940e8ff63453f8e68e2ff5ff90
2022-05-20 14:45:56,0xdd4bcbefae92a46492e482b11cb105741d1540b82a265da56d2cbd17e6bd9d1b,10,0xfd2de01071195cbd297b1dc3f5ee3d1eee7e2fc3,0xbf24e07044e48ee8f2855ce3f6f95b9dc5c6c49d
2022-05-12 11:29:22,0x5266e83921cb81476ed9b1ed06e05aaba628f30dfacff0d292f51b36488399eb,9.87,0x6e0d3da6858ade8063da01a9dd90e04ecaf54355,0xe1a83c678e6ca74f779de0507408ce368a026ee9
2022-05-06 07:04:06,0xb3f23ea49c144e6d91d9827ca3564412d84257e4652ac3f985d397e570587495,18,0x5b6a8b298daba526ecb7f51a517df1fc26098327,0xfd2de01071195cbd297b1dc3f5ee3d1eee7e2fc3
2022-05-04 10:20:54,0x6326d77c3d5d77dbf4cd7106f7f643ad0d8e3c5c19bf85c04b313f44e505e27f,13,0xf606719e6e4ac5f184e702e207de3840a9c66374,0xf8c9cf133252a1a0b2c4b527381eaa94eaef62a6
2022-05-03 23:46:33,0xcf8e1c23352f0461f0e10d21e8028524ea778daf646d396b37217ec38bcc4035,13.99,0xd7e228b7eb0c727706d5955c4c518cb10a3e7a19,0xb9fe66b3440edd0cf5f1d1a55c75f8a8e59b6cb2
2022-05-02 19:55:50,0x22167c3849694367caa1cdcfc8dbba1dc635872edcf9d96f8883bf5ec24b84b9,17.09,0x6b412d6fb24d6f0a17641afde687d5171839db75,0xf0592d811a72eb64d5616a0a83fabcdbc2fa0015
2022-04-24 19:46:19,0x2f9e0f00b79295f3a482974626ff8832489816c44d5ddd1839ee9f5d6cd2bc26,20,0x712d0d775aee2cb158c58e24e3a1dfdd2bdbc6c4,0x4cd3a35ee7eec89ae168180ea4d0fb6cf8b2c72e
2022-04-22 03:27:33,0x6d65be78f1036c6c0295142bcb82918c3f18386c112ffac3b613ca6f8b5f6fe8,15,0x7324b1202a7eb60ea969d94690abb25f8e92c5a8,0x6d70fe2c48bd2fa5c30ec4c7708dd1472eb29847
2022-04-15 04:43:22,0x33db54e41e58dc9f118e820480045b26efe3343e724f88d309a4b4a1ae363641,8,0xa698cade532bf7491f0f887284f8e10e2de97198,0x29d6a4d57e71128c33f3bed6f31d2e10d086a16e
2022-04-15 01:18:20,0xae9606bdf9496b57bd1409b779a846ed5e03bcafa260725605827026d46fe36d,7.5,0x11f9198c525315de7bf63bcb6e500dc2c7e98544,0x07ea7aa7a752c8076a04346815ac80887422a191
2022-04-13 06:15:54,0xaca86ce13c1ebe6bc057f1ce539849497267c618d70525c06b5c78380da2370a,7.4,0xea2475b40ef433502f0c4f789b5dc596c8eaa8f2,0x010d1ae300ebbfe8e31e53ef8bebd59a8169a3f5
2022-04-07 19:42:54,0x0c0ccec2e1b0f2c2c3396a8eaad9bd42a6eed7a75671306d2898f9b5ad1bf266,6,0x73d855f11cbc037966439570cdf99fcb96057827,0x6318f034a969c061f3672bbb8f9a0318652a1abe
2022-04-05 12:22:53,0xdd35b3a962a44486e5093b7a02dac3ee1b82599537f5e90a3a4cf196332903e8,7.4269,0x2ba77503ba95cda28a4015c73ec88b60516fb91d,0xb858b447850d08fbf840f3c1ce3bb048f3c0c95e
2022-04-05 11:33:32,0x58f43fc179af6f9343ea57e6acaf8ac84f4827c908832adc7e301b43b214e23f,6,0x5767001600db5fe84ae21ab06572612113d6f304,0x7ca8e6b21de829c094f44ff9b410ca8e5524484f
2022-04-02 23:38:41,0x9f2ed3f03265d9c4f82aa7d00cb00f5c5c9e6a8e6b8e41e7cacec2d7bee03e1a,5.6,0x89688542873276cd7d9cea936b25f37778a593fd,0xfac13aa104b172f2be3f6eb1a9548fe3bf1c818e
2022-03-21 19:29:43,0xccb28d7a0eafb32e67eba002a37b194f56e0c9d57d81221a0f3e71ec4c12c2b0,5.45,0x61d6b3b3607c1376014373bdac903318035a27ab,0x8f0add9416bc9aa39040ac06a268d3d70740e58f
2022-03-20 04:19:15,0xaf3fc2b4466b7a592f5ee6fe655befc83b805d9565580c9d505ca9d0003b146d,5,0x7d544a853dbcd39a53315e7002f4951a6d2f080d,0xae703232092dcd960c2c9fcfaba7a7ad8f5137a2
2022-03-19 18:46:35,0xd1b877b4822431e58cd48b3ae12e2fc23b189be55c5a0e684c30fab91ebf683a,4,0x14c112cc2e31dd28be0ef1c188b0a7a348bbd70f,0x00df0a54fb57bb4a999b0e3e3746edf52ab44c7b
2022-03-19 17:10:28,0xc467abafb311922bbe9f37b6429c9a51fe106dce1244ce7cd55c3da3c3be1738,3.95,0xa309e257db5c325e4b83510fcc950449447e6bda,0x8bff6e9ca53b6e4911052f230318d38ceaf2dc21
2022-03-19 15:44:52,0xbd050563d06810bb647aea4773111b23ac037d8b5cb950f9f9e1a42ca67d4981,3.7,0x9ca9cc7fc52d0ee668bf695dfd2e3a66829b3ffe,0x11f9198c525315de7bf63bcb6e500dc2c7e98544
2022-03-19 14:25:53,0xd5c120deab6f085a336e4b4212a864d30a8b43058bad959e7c262d05bedabc68,3.6,0x46e449a3f88d0e35b4520bc36e8dfda195c896b0,0x712d0d775aee2cb158c58e24e3a1dfdd2bdbc6c4
2022-03-18 19:27:32,0x470324a059c6f943f230ea88af95a8db3e015b5191e6b9a174ff2a612954917e,3.59,0xf5d4a3b9fb77d1d5600a10e0e1c4efd12f9be751,0xd5ffcabf2ba93b4c30698b0398dfbf1af3163a61
2022-03-11 05:53:30,0x113581bcbf1e17671f5376d76da55d2b9489094736a6ae236f0821217a978402,3.969,0x1eb7b04236b95943dcddfd2e96dbb1ba3b37f44c,0x5bd8eff5967b1f1812fda2d5e5802d28d1cd793c
2022-03-08 13:57:52,0x5a36f17e4f4e69a3ff65a96e17157eda87a2eaff94db85a65fd00e85ea9a42de,2.99,0x885fe55d653fd389585498574d03a8fa124123a4,0x6e0d3da6858ade8063da01a9dd90e04ecaf54355
2022-02-25 04:58:34,0x0c9135a25d94541e62627d3d592ac283443a0578cf182165465476433755eeea,3.9,0x6eb115e76ef01de5d6cb3321918193dc160c205f,0x4298e663517593284ad4fe199b21815bd48a9969
2022-02-17 01:43:44,0x88ec667bf445d6914564c1ed6c7878c3bb4b34901ff05faf4d5a7d874b737414,4,0xe6b4cd8d3f0de86836f74c9e6ea24325219f2347,0x7713bcf7af17efc10fbc0ca7786a1488154cdca9
2022-02-12 14:46:31,0xe5d1461963e216b2faabd224e3ffc987b586dc7eedade9340dfeafcc765a1563,0.2,0x2764537afb9dcd9f6a838bd410a3f240b5bdeff7,0x23fed2634fdc629c1a82eb6ed3391efad2a58670
2022-02-08 11:17:17,0x01c4bea36fe13ab8dace48d11e629e6b019e40751faaec46c2796a69009ca538,4.15,0x1c5dccb380c92cf152a8d27f24c6e3cc42b59206,0x3d345668b9379ab02cb1bc78a23f585ec65e85df
2022-01-26 10:23:18,0xc7d7862d6cd4c6f437784b76a635e5d245181e8526f619101e7de13e7e480539,4,0xf4302ee71ef71572c612d8016bac8085742c66b0,0xa7ad4296d9f41434d1982a4c4cd98df88121858f
2022-01-26 02:51:04,0x37a906431277589c0dc13bfd8d8d5257395c0c510fe5851cb878aa504b4b0bfb,3.99,0x1400c88b43d44c24d79af9b84f8ba0da7af56004,0x66d5527411d821cb513f2d214bbbc0ad73586b35
2022-01-18 18:46:51,0xc4a852c94a1b52d343fa7c871344f94ab872437b3a8bca331b1628820dce0f2e,3.8,0x18214027318ebdcd9e7bc5b0b9b07ce14c691ebf,0x7502de34c9ad924c6f0f4aa4a8113168ce5bb596
2022-01-17 21:42:14,0xa5c94d4172f2bec3cbfec82c16192672b99da06f12593914e13cfb26a1392229,3.79,0xa496b117694823fedc9254f7ff0d723d015f24c4,0x9ff026e01d137d9f802cddf79db307b89b9eb1a1
2022-01-16 02:02:42,0x9878ac9302724777faad9f6bc71f531c8f4d4cf02abb20f229e74a0d62edd1ca,3.5,0x48c8bd589e8b81cfe13403ec4884f71e676961db,0x13abb285529729ed8acecff3da52351e991f650e
2022-01-15 22:40:17,0x723accfa6b3017634b868779553f1ad9a905290ebc650bff3be9c6533cd46a28,3.48,0x45bafad54b4491f0f0041614304376c95bff9082,0x90e5f727b13a9d9402968e335fee1784ed8a2d61
2022-01-13 05:39:44,0xe2869008c5e69ee3b649e9fe987f99ffde58e9424c355d1ffded998f67d0ba97,4.098,0xe90544460377e4702f2ad522fde70baab26ce21b,0x2bf7a0f0710a291d888c613e278bd2cb0e862470
2022-01-13 00:05:11,0x34feb95126367b111acb4ba3c83efdf26d3f3354ff80c5b08f09ba2033f1d01a,3,0x28f8056b6d87f3a92373a9403fbfea1a2da51904,0xe051e0f69dde28f263fb2fbfc056a34e42c6570a
2022-01-10 00:32:21,0x7986ec04aaefd260dc9d8600cf8b0b7e0e2c652ac5360e8e074a1a30da96110b,3.2,0xd4a08cf067c83d1b2cc1d26831569b7850804be7,0xab4273e7137f9531fcb47d558d9bab0e726e6937
2022-01-07 19:57:29,0x174b63ca58b25046799774ad64b69c174346d028d77fde6d320aa2884136d175,3.5,0x14dec35854c5550afb8fd8394c3cf6593a974666,0x14c112cc2e31dd28be0ef1c188b0a7a348bbd70f
2022-01-07 03:27:07,0xa603db4a63e3ceb36633d11f19d47a03e3b0cc3d646ba5fae88799bd033b7fd3,3.49,0xc698c41c7cac9dbc9e1d931860b98b131d97fbca,0x17e31bf839acb700e0f584797574a2c1fde46d0b
2022-01-07 00:59:21,0x04d2c9e3b61f55dd1eb1c360565cbc11182ca9028e5eb9fd80038d9ffb0d17e7,3.3,0xa7ad4296d9f41434d1982a4c4cd98df88121858f,0xf23807a1084afbcb7616475fe47e7cb679bc8944
2022-01-06 23:18:44,0x51b56b6856604344417cf3d73a3af9f872fd205a5ac184d4b5f5fb9ffa290fe8,4,0xc6e528ff4ffa7703b49f822e294ad8cb0300641e,0x73d855f11cbc037966439570cdf99fcb96057827
2022-01-06 23:11:12,0xf414b51af73ed2b8d43b76e4b552b968e378c390547d435ab087557775137b8d,3.5,0x2e507cbc66f994456a711f8160dba49fa19aab7e,0x0e5a1d84ed69067c078596bc6a17452425b005f1
2022-01-06 23:10:22,0xef9acb52f2cf9a9b6f6dc70d458c409fef4465809f3857dc64da4df7cc9c95e3,2.75,0x88889778402dcf6cf363bb9ac47f7a2d8e77a2af,0x14dec35854c5550afb8fd8394c3cf6593a974666
2022-01-06 23:09:28,0x52aae064c2f7b854bae06ecc1659560ed152deb749c4c6c72e943391d99e8911,2.67,0x653223a381fbbe16ddb1ec44c7a1c31ffffbb1e9,0x45bafad54b4491f0f0041614304376c95bff9082
2022-01-06 23:09:13,0x3839f5fcf0c8dc8319f19b20096c0e37fddf7edf2db1cc7f6daae75b4548046b,2.5,0x0c92700cfeb30e437035a55066b10c47e7badcd6,0xe6b4cd8d3f0de86836f74c9e6ea24325219f2347
2022-01-06 23:05:42,0x8476f2e34ea39fa7789297fd3a3a8820b4e3134eabc99a86e229723f5023c90e,2.39,0x501c9f7267b70dfe2a96a7e8c69aba25f016bab7,0x62d164ec972c048e0c9c4fa26e6c3b9984982d25
2022-01-06 23:04:37,0xc92cd9e09446ff1fa7eefdf7398e33ef11b522b252e12a275080cb8edf95d5f2,2.3869,0xefdee53249ef08013d31aeac2a738912197b7b5e,0xd4a08cf067c83d1b2cc1d26831569b7850804be7
2022-01-01 04:40:43,0x330bfc83efa698100c3f8ca4820fef3427d1a4743a7ca35a70973ccb439d42ab,2.29,0x3e0543dd5ac2d77499bf75981eea5fa139bd077a,0xb9f1f193c8dab4f4b1cfdeaacbd00299a4c54694
2022-01-01 00:03:36,0x9eaeb3b98e85f2098f5dfb2a790e754290f29ae24dc23eafae3f509698a6d2c8,2.2,0x2db60e2aa9114eaeb973e6666da7f8a69f8eb868,0x129551cf72217561d02679c0ad7a9810d525b605
2021-12-31 22:29:39,0x240f66e371b72165eb78b9d64956168ab4c79a9e39ff5397fb6c12d045aa1b2c,2.15,0x664fe01207dc37c84a97a8dcdc28bcc1da6bee57,0x129551cf72217561d02679c0ad7a9810d525b605
2021-12-31 07:57:45,0xd0bd051fed6113d120bcf4d58c29ab814db5560596f539481d293400b2135373,1.99,0x17e31bf839acb700e0f584797574a2c1fde46d0b,0x501c9f7267b70dfe2a96a7e8c69aba25f016bab7
2021-12-30 22:18:04,0x50f4fa3569cb01a53e717b5f2154ce1eb1bf0d4ca4dd73e06ddf9e3bbf502838,2,0x00bd53913a82f36e5796ed7d30f1b2a15cd31c20,0x5bab001443335dc45f5980c985217a4f4bb8ccae
2021-12-30 02:07:33,0x625fd0bfffde618b03f53b8e8fe79c3eb7902cfd33e769fb76148c553b624c00,1.95,0xde38de354308fb26c4814c230000bf9cffa1e404,0xe03513898e041bfa68292ad8992b2d781ae738d9
2021-12-29 00:23:58,0x97ab580a7bce6e8769c78268814040efbb25ebf5b48e2fa09da1595ad18f0c30,0.1,0xc46db2d89327d4c41eb81c43ed5e3dff111f9a8f,0x2764537afb9dcd9f6a838bd410a3f240b5bdeff7
2021-12-20 15:28:55,0xfaa47a389e42fe5df6d4d9d8cd65a0bea968bac91792b537958964a799af3ac3,2.19,0xfbcb3377b0abd6927b2d5831b023d013d275adaf,0x86a41524cb61edd8b115a72ad9735f8068996688
2021-12-17 05:16:32,0x63a5f0b338e7897d10582a04fb13494378eee6f8551ad485f59f67e902494471,2.09,0xaff1bf27f0ae7ce8ac0b7d3ec7638933ede0194e,0xc23436ed92afece579dbb2ff4ac6f28a08e38137
2021-12-17 05:04:15,0xdc3e0ab6b73cd2d89c2feba954a2dd83a3509ed14c3dc65ca6e68c139d54057f,2.05,0x9ab30e5206df3f80b670187d7788eb1de2a1dbef,0xc23436ed92afece579dbb2ff4ac6f28a08e38137
2021-12-17 03:52:55,0x485847dd807a390ce03e2b9e52c9865543a9336d95eec6e84622272f10ade0a8,2.04,0x95425e5abb5cece0c5653dd77be02b7913e53488,0x3e0543dd5ac2d77499bf75981eea5fa139bd077a
2021-12-16 23:58:24,0x19311df27640c6605a9d94a14da1db37d8c7d95d2417f7a63ebfa74610595dec,2.025,0xb75959df7b0dd6f9dfea69b3e1661e7b07b79600,0x6b412d6fb24d6f0a17641afde687d5171839db75
2021-12-15 08:32:17,0xaa5030d8095c0eee417dc64ab978a41f4b8e059070097680469c505c6d3b4273,2.03,0x5fc97b4358afc69565e2d120ca61e46a2e89e82b,0xdb3ff3567157210ad445d7bc50ffa41f63de7f28
2021-12-10 05:51:10,0xfc6e5116584bbd663bb3d60d0bd6f278a2e9421854b3086b5ae5ca83c7da171a,2.5,0x5c95a4c6f66964df324cc95418f8cc9ed6d25d7c,0x5fc97b4358afc69565e2d120ca61e46a2e89e82b
2021-12-09 04:04:32,0x0c68ff7f2bf0967dc4b5c4c4e95a9f63f876109fcd3a64dc08267532456e80d1,2.4,0x649f69ccd077da03dfb11f4b1daab4b625f5e9a3,0x46e449a3f88d0e35b4520bc36e8dfda195c896b0
2021-12-08 00:28:40,0x6a2079d7e07c9555cb2eaabc1871a9ee58d9240589072dc4c284c42e88334c28,2.35,0x6d8dec3fd68d94a7189a98346ea52b4d32e00012,0x257dca0698a829d73a7e7c90116ba6625f5f7bf4
2021-12-03 07:32:14,0xaf743e6d10f154bd2afb0e9ec7f0090e1189cbaa80d815a12733c6fd4913ab75,2.2,0x32bd86ea1fdc6c76afa34743801f3854f6483660,0x5fe9cfa5cfecdc333eb102d219b4e77eacde9828
2021-11-24 01:33:42,0x2bbb2a0d9c0e4d434cd17812c0baa2f78161145ca49bcfaf5b1354d8a2cd7283,2.9,0xdfdac43e1520214a414bdfa8b700dba63a9b4850,0x22b0e277e5348c406eb6ec9c82b379bc82c23922
2021-11-18 22:42:09,0xb19c2f6cac0fdc7182cbf21f50d52cb05abee5123f58e5c00e6a6a8052d6382b,2.8,0xf23a873b5bc29d9269ad4a50f093477f4599c007,0x5e59ac40c4d661e55a97c317a5002bf6d9e7109c
2021-11-18 02:20:20,0xa41c84595ba35c9f195099decc8123e396e2f3d3f8f3d4979adc4bc2c68dd743,2.3,0xb7dc1c26f1b893d4183d8014e341d1c6feb0b257,0x5c95a4c6f66964df324cc95418f8cc9ed6d25d7c
2021-11-18 00:11:22,0x26689c47f23c450bf33a84e08859f99adce143f64048f0cb6107dec2fdf69fc6,2.29,0xe6b4cd8d3f0de86836f74c9e6ea24325219f2347,0xee0d226287f838da6ab7eb10f72bdc14b735c168
2021-11-14 13:06:16,0x1f85ec715e620a17a857c72df51a650321ecc8a9c737db254a0cc128537b9c77,3.33,0x144c7cb5d23b299b8ea0aced7ae02972b62b3ab4,0x5a1ac41ce21762ad7dd05d3333e1e0e0f03de1ee
2021-11-14 09:52:00,0x6f4bdc01eeea5ce9401c2545f373592311f07e4f4b3d123c9356bf55090d70e2,3.33,0x4f1c249294f87e8bed08e8f6052a8698a5dc2730,0x35f0686c63f50707ea3b5bace186938e4e19f03a
2021-11-13 02:51:44,0xbe2b173aa01e1048577d0577ec98a7e13df744240609cf5fc315c6217b325c65,2.8,0xdb1d2cf57119339ec296e0d1e8c0b09b15cb874b,0xf5e61f60711fb56196205d33d89d77d9250e0de6
2021-11-12 15:55:37,0x3f2b7e4c2643610e662e717f265a2732dd5c8f5201048da05c33c78931eb2955,2.989,0x4461e1ab21e92161994cc37b984276c2ae1e8b2e,0x42e250824bdf98f3e450784b0c1cdc3ac2f157e2
2021-11-12 15:42:45,0xcbf6eeb75064010e6815abd05c094495ef0b7e78b3cce879a1aa0ef5c291026e,2.82,0xde1b6dd59a147a5cbd584f5ec2e0954cfecd2816,0xf23a873b5bc29d9269ad4a50f093477f4599c007
2021-11-12 15:39:24,0x51dc80f44265f2c2a887c4cf759dd01608bd23ff70df4eec754bca732fcd826e,2.83,0xcb1ec568f627e4766463fc3b751e8fd400afc6ca,0x23f99f25f45ee1b03c29719351d085b48e0d2d64
2021-11-12 15:31:09,0xa9371a912114c58d4be26e015e98b2cae4a262d82b190f662a683b319968eda8,2.69,0x5fd2c02689d138547b7b1b9e7d9a309d5a03edcd,0x4461e1ab21e92161994cc37b984276c2ae1e8b2e
2021-11-12 14:55:32,0x44abb307b22e43a15b4ac6a595c58efe416f6e72a84681c7e42719e7197c10a5,2.59,0xd0bc1f46e3f2dadbbd66b1c557caafa52a1dba81,0x0a2e59e0f821fa7ed4f32bfd111840d53e95a149
2021-11-12 14:49:45,0xdd9b35925ddf59292a422b755dc17df337511c93e1a048ec1c83be2baca49cb4,2.58,0xa5eae3eacf95a344cc5c54413729cf5331b9b495,0xba7343033d435f8b6bee67247832d49634dcc55c
2021-11-12 07:10:35,0x7d33d44057e1930b948f79ea0a4eeeb4ddbcef5578b9ba66fd11ff6d4e37e6f9,2.55,0x18799f860f9adb26e076d581603037f79342e0c0,0x912717e0658ceb44eaa12d19a18f73a306b8b264
2021-11-12 05:01:19,0x383853bd7c830f4c5508ab8702f7560ef01ebd00d1cc276796315a8848825c57,2.6,0xcafebabe86cbb8534134d96f746dccefcfe3babe,0x8fc6d73f29d7958b415f22db1efe96b5481d3fdf
2021-11-12 04:34:09,0xc88119785ec8a5a674c3fd77039e8991253dab93b472e7f41be75d7f6ba6dc29,2.99,0x6b32ae7f5db70749543ce0cd4932abbc501a7f6f,0xbc4fcb613ce1e41db0cb2a9b48d1ae559cd21785
2021-11-12 03:03:13,0x40b312aee35d494148c5b6d444dd7f3de69f91e6447b27c014535d46e2b5bb24,4.34,0x02c349ace1412e3ee40cc72f13ead686a7f08ae4,0x18799f860f9adb26e076d581603037f79342e0c0
2021-11-12 01:04:48,0xc9c007d66f9f719207ff0abf32489b7631ea7efeb631c022bf3a500c1f686009,4.25,0xf23a873b5bc29d9269ad4a50f093477f4599c007,0x5af5ce62295c99fc3e676d8eba299a906429566a
2021-11-11 18:11:24,0x994494fc506a6804b96c9c53c0d9e9b9e84c698757c6f13686426a7b30a75b73,3.94,0x80cebe77f71b38c6558f327e06af3a3f29ae5894,0x46b2bd5c888e6d57a839c559fd6076f2c15a8cb1
2021-11-11 13:11:06,0x85415ce778404e823ea7c2b1f123e6dc649bbd11dd074cc5c9ba7fb363dec95b,3.8,0x011ea68c15f4a8316da45c1e7844311cdd0ba149,0x02567d98dba79f6acf3798521fb517aa6f40a888
2021-11-11 01:16:23,0x35ec9e61dc83cce3fd1967d9b311f196f181369c9025946c8014ee5b78651917,3.6,0x3e64014d2d3f0c3a3b0404110cea9060b4565e61,0xa93d3b5d86770f8ab2130e30556a880be801a994
2021-11-10 02:59:12,0x0dfd99deb73027b140254dec46ad97d432451f757757fbb68c9b2318ed38731b,3.6,0xb3af48d951f16425d2fa5a8147ae255ed426f54d,0xa496b117694823fedc9254f7ff0d723d015f24c4
2021-11-09 16:26:31,0x47941cace23e56896b9d61a2abd823742f9228f87ebcdf2a224c3c86477ae615,3.84,0x2f889a7a78e6bbc66e67107864b01338ea1e102d,0xd5ffcabf2ba93b4c30698b0398dfbf1af3163a61
2021-11-09 08:12:46,0x6f14a21af605b81ecff4142c4aa1232c1abbbc61bd66939cc46e931f83841351,3.8,0x05c232ce5bcc9bfdb838b41a7870aea5e4fa0fa8,0x56cc55985dcbcc788938916293897e2cfd34e7cd
2021-11-07 13:55:03,0x6b17aa38d8c3c792ac05b990936e2017ffec7c65255ffd139149bb630915923a,3.99,0x58d49377c74fe5aa1c098d9ed4161248b73faa30,0x90339c3d449b908eb51ba9a5fc42ef2dc170c0a1
2021-11-05 07:01:49,0x23485ca5cef47d7b74c4bf47f64c6266d6eaec3a2e54a1baccdb7774dd5ff159,4.2,0x68c97024395180f37f2ca101ae022d2d90e79973,0xdb148d8d316390bd47e1851cf1bd7f21a93574a3
2021-11-05 07:00:31,0x2419e692cdd713043f462d8b3621efc773aadc8d3e42d17a655eee6a66b7fe8b,4.12,0xcdfc03c9ef93055ef29e721dcfb8a7c27af03f80,0xdb148d8d316390bd47e1851cf1bd7f21a93574a3
2021-11-05 06:15:45,0x4b9f0216dd9c7306eec3aec75a1a07adfcbea80ee2fcb7efd9ee9b0081007bfd,3.38,0x2bfe66759f0331066f3e7d57b3dc9a96bfc17927,0x2f889a7a78e6bbc66e67107864b01338ea1e102d
2021-11-05 05:34:42,0xfd5126f7675c26b81a77394667d4921e12a26a4c3ee6107abd8a3dddba84010f,3.33,0x18799f860f9adb26e076d581603037f79342e0c0,0xd0bc1f46e3f2dadbbd66b1c557caafa52a1dba81
2021-11-05 05:30:13,0xdd166512995f4dfc4b5d79a5de27f3bb116a2241ed331e516226dacb36b5bd3c,3.3,0xcead03574e4b930ee871bf8bb49922148a63a8e6,0x8177598e08ee8199c160a48c7a0af31ab54bb59f
2021-11-01 19:02:38,0x7fd720530bc8a5c7a19f033dcd76a4af8894fcab2e8547fdd0361b953d79343d,3,0x23be42eeac7ab3db09ce1525801ace766a8e91d7,0x6cc6f59f7016a83e1d7c5fad30cdd8c4cdb4aad1
2021-10-30 21:15:15,0x5a7d35aa1abfa16a6a6df3ab3355c1ee3bd0e31fa0fb14b07564dd5143ec944a,3.2,0x92fd2b261020ccb259069e602f08e1cf8782b684,0x18214027318ebdcd9e7bc5b0b9b07ce14c691ebf
2021-10-27 22:40:51,0x885b5b549ebf2fc76506d4656bf9d0073af8afe5c7a9853f66319f711cc45087,4.2,0x7d1a4878120110d6201182acd43d95779a716749,0xcafebabe86cbb8534134d96f746dccefcfe3babe
2021-10-27 20:53:49,0x6bb7b1091259fb823bf0042eab74da9ca2710a56fc3ef547b1bec7bfa9c7a052,4,0xf4c65b2bfb6faa0e0910ba668d42524b896eee59,0xdfb10833e43668c9558c4460da5a07ba53526604
2021-10-27 18:45:23,0x1d6ca125cd3105500390f756c2438da90abc54c7dff6944a69f4184b40f48153,3.67,0x2404d6857d7e90c3ed9e74e0d372a4d6d7399504,0xb7dc1c26f1b893d4183d8014e341d1c6feb0b257
2021-10-27 18:39:23,0x98e8c2141b7d78af3761044561398ba237b24c5305cef84db2d7c75c7e015979,3.5,0xcafebabe86cbb8534134d96f746dccefcfe3babe,0x18799f860f9adb26e076d581603037f79342e0c0
2021-10-27 18:38:51,0x923d92fdcf072887d89c78e824712a6db862d19a80a4d3df2f307278f638c31a,3.3,0xafbe89f1447a22684a4e3f1f4f941806c6d02e85,0x18799f860f9adb26e076d581603037f79342e0c0
2021-10-27 08:39:07,0xc6a148a6280f26721bda7764529940b16b1f6ef420a319f7fb17833cc756e985,3.2,0x8b6bc52ec3d7f5f2ae212ee68a25c2b9e814c3de,0xea811d90903039c713fa14eb29e61bac6620fbcc
2021-10-27 02:41:58,0xff4acd740d7098e07edb3bf5ecdfe5dd09c02222d3f75ecc3da1b8f3eabbf4d0,3.27,0x07c5c23c540f9d396d5cb4e6b36377f73e8ce1a9,0xf930b0a0500d8f53b2e7efa4f7bcb5cc0c71067e
2021-10-26 04:26:17,0x793fbcc553733e9b4cf6c637093c9da72ef92a8505fb2749c8c07c201b1ed5a7,3.25,0x8e5c97c736d5a11c736e6cdfdf334717110615d8,0x5cf27815411d0eac8eb726e7227fe09828a85780
2021-10-24 19:43:22,0xe524520e2b91e4a084778feecc16ca6bba048a89d80ed8b2fbf6556ad3792ef6,3,0xcafebabe86cbb8534134d96f746dccefcfe3babe,0x4c9fdf4bdb3dbe065c3a96202ee09a780184fa7d
2021-10-23 17:09:22,0x373e764be30348fcd9509ae505da283a1932efdd2307ec5fe4186a10ee235857,3.379,0x958ae6e9b3dacba32f760a2cef018c765c3d3d3c,0xc64aa0781e6db99373245e93dd6419447bec8815
2021-10-22 05:24:20,0x314b17c90150356e7aeab9a1d71378e896ad37d6b7883f4a64675e65d4bb3b53,3.89,0x8fabe1273aaac9bd0b410171c31f4f51c20e6698,0xc9d42afc4f867c4c3f28e78ae50e65001998f5e9
2021-10-21 22:55:32,0x025ba312a3d5255248be7eca0d976631cc368719f62ef0e84b04c493a613fcdb,4.2,0x11e41f95aa2cfc13e5e7f2126b5675119fdafe8a,0x823a4b282f6c8c78fbf2c63860e777c395e5f213
2021-10-21 20:55:32,0x0787df8e78adc788de43d2e795b1a56e28d59f4551a279bcb922134ff7141204,3.75,0x42e250824bdf98f3e450784b0c1cdc3ac2f157e2,0x462a7c08f7f6dd914f913cd82b4d5f16d1aa350c
2021-10-21 19:38:33,0x3cc30c91d6be4c109ae2eddaeb5f65b549ea3c43652505092765209d511dbe73,4.1,0x69c38c760634c23f3a3d9be441eccbd2e50e5f73,0xef15bd3f923245b24d64d6fbf57f036fe650c23a
2021-10-21 19:33:39,0x470a7e21b9bd6bcf6fefcdacd9a6dcdca3ce67b055fc6c858f46444eeb979d4d,3.5,0x7cf703ac5f9bc457ae57268eaeacb8446b5ae439,0xa4c8d9e4ec5f2831701a81389465498b83f9457d
2021-10-21 19:12:19,0x97f7fb52c761d49b14a2438d7be4d8c3be9470533d443610874ecec3af6e48ed,3.33,0xdb2ba0eabbfe920d4e501dfd92d6667f512e5870,0xa7ce0800a7869ce5862f5b2c64dbf749dc457c44
2021-10-21 19:08:15,0xc89604a0c996e064a7733ad4f1e7c8465c1ae4632def2e1a64c4919241c1252e,2.46,0x011ea68c15f4a8316da45c1e7844311cdd0ba149,0xdda5d3633614ce4c92b021736ceda4b766fd139b
2021-10-21 19:05:34,0x2aea99bdb46ff479ca8b7f336ade77237fa6490153e7d4a77a785a3e2efb98b5,2.9,0xa931e228f195f1a2ecda7937a7412a207eec2aba,0xc46db2d89327d4c41eb81c43ed5e3dff111f9a8f
2021-10-21 19:03:56,0x526cf797cc6af2ccea292a016b14306c104e33694e3e2aba325155350ca4b0d1,2.85,0x62ed759378160d283ff9c01660b3f55ca1c33e77,0x76c89bfbb83c7b712e968a10bf7a6b3818487f46
2021-10-21 18:57:41,0xd6af6b10842c54c3c5dff12abf52e40d5d1f5125f627cb0123fdaf3ad3ba3559,2.5,0x62ed759378160d283ff9c01660b3f55ca1c33e77,0xf23a873b5bc29d9269ad4a50f093477f4599c007
2021-10-21 18:32:23,0xf820d060e57a1a4fd41007f63706ca96e318adef6b659434c87c5daa5b2241d8,2.4,0xd9237e8fc7f8a42e013eaad4f726db7e8c42664b,0x2e90606d7c5f13bbabd54188c9c84f58ab400570
2021-10-15 17:02:06,0x9075484952698a6aedd672e1a020382dcbcb66060857e7d1a4b675521d78c4f6,3.45,0x45f2e08b35a959a87833c57c4bacbf58f95eefb7,0x6590b3665a6d0e9e767a410291ac5c5665416e5b
2021-10-15 16:59:39,0xf5adfbc871137eec03aaaa2b9acfa7c8c21164dcf905037fec347f99abe9a547,3.4,0xa05bca6f6d9c0bc2c3a597ac3f800eaf502aca66,0x6590b3665a6d0e9e767a410291ac5c5665416e5b
2021-10-15 16:39:34,0x625ad28d6a1e6bd39584f77615d9988989c199d0096f6494f2060df538a2b6c5,3.19,0x5fd2c02689d138547b7b1b9e7d9a309d5a03edcd,0x886c91233baf87b52059141b705a644a0d2059af
2021-10-15 16:35:07,0xdd192b78571cff4cb0dd7ce050e051dc0e3c606cc41008c249556d65c4180c46,3.15,0x4ecf4bc90510794f5a4074136efb716485ae0da1,0x02567d98dba79f6acf3798521fb517aa6f40a888
2021-10-14 21:19:34,0xea0bfb106523b141b791d93b4057e83561d373621891201a00525c822405901b,3,0x621a70982009f899cf51b34ae849e114a91162b7,0xf5324be5db41ba9e464e14f3940eccde98993682
2021-10-13 19:09:18,0x7ee6df64c532353339e990ffa5ccd437e1ca747d6c4097908b7534f0ffd007a2,2.925,0x0c6b85d0721905f7ac7bed47cebe58c0b977677e,0x3546bd99767246c358ff1497f1580c8365b25ac8
2021-10-13 00:50:27,0x010f8b979feab3b7208833796781a24d64acb66a10281109a2d00ac2194e0080,2.9,0x64916cd4b15045fd156bc2a6460cd3207638e289,0xec36697c3c8c8e385b37e17df40dbcbe2dbd9ffc
2021-10-12 14:38:26,0xf7f5923b360aa23527799094811ec44a897d4b3de1e6061e4c3e69adc70e6402,2.569,0xed2d5cb920be21dddd88c4b03851183b539d3d2d,0xa5eae3eacf95a344cc5c54413729cf5331b9b495
2021-10-12 09:15:02,0xfcb0ac028a14eb962d600b1868cda74ab9916ca4aa5ee38b0a213a441436254d,2.568,0xa4c13034bff64bb763a256f66819182ad7348134,0xcade9fd4933b1a292b991d25ef086d5c3b7ddb87
2021-10-11 17:49:02,0xfd4353ce1a237de1d6cb8a9a1ffba283db40d671eb06138bf5bafd2f1585184e,2.55,0xc04d3b4adffd4b6c7413f59e7825ff289e639d48,0x7c06c7be45b627ab773ae860bfae74a5bf996bc4
2021-10-09 19:04:15,0x1254389b5799a8360568892691f64632b6224d170bb6512eef3de13571829dc2,3.1991,0x3265a39fa1bdd28b9029568208e3cb4639adbf3e,0xa097b835cbe0531d005b95930f76f8552ccf9924
2021-10-09 04:04:55,0x731b57be92b33631e3b3221d422c750cde2654fcfbaf22917a3107e5ab54896c,3.3,0x69684ad2a8366f66b90373d7a3a992342674cbfa,0xa698cade532bf7491f0f887284f8e10e2de97198
2021-10-09 02:29:03,0xe7f22ebb8c9bf5563cc648938becc35db63cf3d3e4d596356e52cfdd55bfc4fc,3.35,0xe666757d2b020502e4c19da57e7fa873097055ec,0x664fe01207dc37c84a97a8dcdc28bcc1da6bee57
2021-10-09 01:50:38,0xd7e37bf1ca9a40a4c2e1b9a1864bae47977384aac2cf3d771cd136a6baf56322,3.369,0x2435141b6f438a81e6379a8d88c039130c2fa042,0x17e31bf839acb700e0f584797574a2c1fde46d0b
2021-10-08 23:15:24,0x82728c08d6ece130e140e1adb74e879f7dc5760e53bdd05c0b419831ef922938,3.33,0x440b4a49248f25a9cf514ad8c1557cbf504ed5c4,0x34cc31367cbcbe357fd6a1d470bc914d8840dcb7
2021-10-08 22:09:11,0xff1f6fcc3ce763c05ff04462ec0514b2b9cc1c9c5907329b54be3351fd1f642e,3.25,0x9272227568d59326a9be3a2bebbc79c5eb2aff4a,0x07c5c23c540f9d396d5cb4e6b36377f73e8ce1a9
2021-10-08 14:57:09,0x104ded84954ac14cf6f573f77ae7d53406d8463b0748c8451405f7eb21852249,3.9,0xd40d141881c9b41b3bf7cc0ce2ef30858c8c6ff7,0xaff1bf27f0ae7ce8ac0b7d3ec7638933ede0194e
2021-10-08 12:40:31,0x110e659aded827393ef8dbc00e6c4bf2adec402bba6764fdb4d347da214bab4b,4.69,0x85844112d2f9cfe2254188b4ee69edd942fad32d,0x83b5654564caee5c8e86a314b4e62330db99ce16
2021-10-08 12:29:20,0xfc0faeee47a3d701150e2ef71b3e774a245ff3cdc7f2a1b2379acef51e5f4250,3.5,0x89d3ea225c3447057a0c165d1225427a323b585e,0x95425e5abb5cece0c5653dd77be02b7913e53488
2021-10-08 12:23:48,0x69afbc8857782a453ebca5b827bb86e98c8d3ffc6e9fc6272e974bba74528995,3,0x94aa50fe3c1ad32b0419004eee4f278ca3908876,0x00bd53913a82f36e5796ed7d30f1b2a15cd31c20
2021-10-08 12:10:42,0x58b22c98b3b8781a1e4ba55b417efd43dd380c3f31870a842fa99d67d15dc1cf,2.99,0x6e82554d7c496baccc8d0bcb104a50b772d22a1f,0x750a31fa07184caf87b6cce251d2f0d7928badde
2021-10-08 11:31:56,0x6b84bd3e7d083efa5d5618a44689d2daf0a542e8851833f870a2ccba3ba2c083,2.48,0x144c7cb5d23b299b8ea0aced7ae02972b62b3ab4,0x982e09ebd5bf6f4f9cce5d0c84514fb96d91c5f9
2021-10-08 11:10:43,0x897ed850f1bc87e12e4325895bca8bcfcd279f6829b1c108b11299e51f3abe29,2,0xa6c3522c42bc46c0e4f7a20091ccc2fdb26f7303,0x58d49377c74fe5aa1c098d9ed4161248b73faa30
2021-10-08 11:08:46,0xb0e69a4d38767ea577841f88548e34290da12a9954179ef43e610e9b857cf9c4,1.99,0x144c7cb5d23b299b8ea0aced7ae02972b62b3ab4,0x81c2eee2902eda6db28a448d8a814f221718ba2d
2021-10-08 10:18:32,0x68955a78078df039c7c98c496c259033ab06f8af0cfedf85e3b94a3aeefb23a7,2.2,0x5767001600db5fe84ae21ab06572612113d6f304,0xbd9c96d8570639f4b2bcb8ca55534e0031c0fd11
2021-10-08 09:59:40,0x190eb5113b12208adc3f2e57120ee257a5cfbc155b899fe834feb911588d7c33,2,0x1447b49b636cb1fa24281efcd66aaac44188e3bc,0x3753fa57980fd180655c281158e428ca994d6dfa
2021-10-08 09:54:20,0xd23a901b5900eb8128bcac04c65070e1763050288e060eb7e52769d3559f5da1,1.988,0x6afa006f87331c05ea61fc6bf989f29594642c67,0x0e5a1d84ed69067c078596bc6a17452425b005f1
2021-10-08 09:48:55,0x31e2280c8b5cb52afa58cb4184e3d3ba45d70097e30076b7ea17ca6ebd804d07,1.8,0x50ef16a9167661dc2500ddde8f83937c1ba4cd5f,0xc698c41c7cac9dbc9e1d931860b98b131d97fbca
2021-10-08 09:44:22,0x086994825ba8e3b6a7d75437014b9136c4aef8c4086c9d11d55a896500f10e84,1.7,0xa6c3522c42bc46c0e4f7a20091ccc2fdb26f7303,0x9417ab659e81411dc3d0385b2dd27fa0a4f38392
2021-10-08 09:13:06,0x5a7aab2d23775349eb7f8391670e6300bd1efc5e0211b80e33b6b8e501d38cd3,1.6,0x39979745b166572c25b4c7e4e0939c9298efe79d,0x07cbd4e4473140b6078aa987907aaff5e500b9f1
2021-10-08 08:59:20,0x21cdfc063f146cd4e31ddce637c213c152ec040513180ca6837fcbdad0842f4b,1.7,0x0c79e824e074c878e72a8693ee577e0b02e109b0,0x05c232ce5bcc9bfdb838b41a7870aea5e4fa0fa8
2021-10-08 06:41:44,0x3b9b8072369ba71dd0f14e189103bf2a9d7d2f2495d6d33545555b32ad4c5659,2.189,0x7c0d2f1eb3dc2cc21d6118789d26f2db09311b1d,0x649f69ccd077da03dfb11f4b1daab4b625f5e9a3
2021-10-08 06:07:02,0x46a79eb7a65a78a67c5dc0fa9135b8f6cc133061fa1ac43052b14c2c169bad3f,2.1,0xb1892b7a383697d10a9419eb132598f3f4bc8dd1,0x85844112d2f9cfe2254188b4ee69edd942fad32d
