2021-10-26T00:03:22,0xcb276935d8dcd73049f7e6b6fea52b3f1e7d48480579902235d49254ed8ef4aa,0.39,0x51c3b8e1309ef11a8db2a499e5f1893a36454dce,0xcdcbd44526006122306293e4e2ae7f2d7352363e

2021-10-25T19:00:53,0x89d538a0dae0829301dfd55b0b7eedaacd21c07b62b99a439545db81d1d74244,0.399,0xa496b117694823fedc9254f7ff0d723d015f24c4,0xf3fd84221fb1a9a2a8e42f22fa21cfa13074a1c6

2021-10-25T17:15:22,0x01c5091852a66089231cee64cf88a532963f3067e111436b2edd09b357316f91,0.389,0x9aa0cc788bc3b25b9efbb384d2bfac56be03edcd,0xb5532ceb62ab83e4a0f1281f5cb9a019b16e1c12

2021-10-24T16:14:58,0x4cfd2b83db1e24f50fe1729ddbd0e42cae593c79b3f559596e19162472c0640c,0.39,0x92fd2b261020ccb259069e602f08e1cf8782b684,0xb0ba1b1d613beb51fc339ed02b264df777afcf69

2021-10-24T09:35:10,0x9cb49682dfe465e936ea7f2c545741f93bec2876871b532e38386cf18c4d256f,0.4,0x62ed759378160d283ff9c01660b3f55ca1c33e77,0x945cb86d04c92f396578ebad009f56ed6f5a2ad7

2021-10-24T03:24:30,0x9d59425af082b4741dc9218f091f92be618ba6533209cfc158c616a9721963a3,0.395,0xa8a9f7f0cd2f129b2315cee1da7c474de791c08e,0xb190a2ad409387e20000e197bceb3dc7c21c1e4d

2021-10-23T05:59:28,0x0a1deb2f54fccaaafb5a4b98779e7106154ff022e92b6e42c6d3acf72e4171bf,0.44,0xf8c7572edfe207f043d6acb4cd80a0c53346a446,0xc64aa0781e6db99373245e93dd6419447bec8815

2021-10-22T21:50:02,0x7a0bee722d960f3a2f08753a9e933ef9b0002a38810cf52d61b2613a90c5dacb,0.39,0x51c3b8e1309ef11a8db2a499e5f1893a36454dce,0x2b62271a83743e52cd16f586fa67d2abaa63a1a6

2021-10-22T18:28:35,0x83d549e41c7adf539edf2a348e1157d3019c1bf29268fe0df165a4b015cffefe,0.384,0x51c3b8e1309ef11a8db2a499e5f1893a36454dce,0xdb09e6b0dbb25976d6b2f8093f29c44f460749d8

2021-10-22T15:50:17,0xa39e293ceaeb0e408c078e0900692133d6dbc48e1557ceb7d75f5c834db3fa2d,0.39,0x51c3b8e1309ef11a8db2a499e5f1893a36454dce,0x738c581921325e19fd701c983231a4c31c0a90a0

2021-10-22T15:49:23,0x41113b4e32d358a01decd5807530750becd0b2f509cf273c9f959fa25827f641,0.4,0x51c3b8e1309ef11a8db2a499e5f1893a36454dce,0xed690606f908361c26bd2b1ad4fa31ed201dca4c

2021-10-22T14:15:13,0xe41ee1f1b416249f45339c37d0c7283bfa6e7c01499491cb8d8a08c722ab4df6,0.42,0x51c3b8e1309ef11a8db2a499e5f1893a36454dce,0x23b00f713ec24a61a061f5fd8981f7f464720264

2021-10-22T12:14:09,0xba2cfb9954cf847380817a6aa86f5872472500c71ebda5740b16bed774b9f833,0.4,0x7196e387e6daff279c964559d3d64c0faf523b20,0x1a15d4dd8a84dbf8426347288154e083901a55f6

2021-10-22T08:41:08,0xc7aa336339133bbb697e8b49b2016ed03f724628c0b752902da0c24ec257b8cf,0.43,0x011ea68c15f4a8316da45c1e7844311cdd0ba149,0x679b3e6c39c07bac7d4d55b8b7e9a9aa40c94c8f

2021-10-22T07:06:52,0xd0356a014d129d71bd6f48549db9726a6eeb00c3780eff5b8eb6e05dda7b0b0f,0.43,0xcafebabe86cbb8534134d96f746dccefcfe3babe,0xf08cf21f82579493a4f20246aead68e7ce20a7e7

2021-10-22T00:24:00,0xc33079e6fa9fce2efa9a269e71c362ce9ee38acc747f449cccf9af0093ea43b6,0.4499,0x66696025db831fe684d251540c0bf1061ffdb719,0x9aa0cc788bc3b25b9efbb384d2bfac56be03edcd

2021-10-21T23:41:27,0x384a44f7ccff328d31963a16e5958ac572e53a4bf298ddd925211977381074bc,0.44,0xdb9c1abbae23c0e7c99c866d8b75eb634f69e0bf,0x760e7b42c920c2a0feb58ddd610c14a6bdd2ebea

2021-10-21T23:20:52,0x9d6e05f309754c754b11fb6d41bd5d179adfe127299984d209ed241f9b2489d7,0.425,0xc47d5091c0e9f2df522ac5a112e5d643ad677f13,0xff0f2decd8b5ef4a467510c353d1b56bfbfbf3c5

2021-10-21T20:56:23,0x9ddaef2e8093bc70a1fb51d8b2ce33528ca19ef0311ca473088b8f67d0446fb0,0.45,0x5e47758d70388f5b5989f6322682a86d2576b46f,0xd7e2efe8d644a5fb5ccf0ffeeb79378622eca227

2021-10-21T20:43:12,0x6d5d299e08700632fc1e2e1afa9849b3e9fe0dc4aadf7e559b0918bead0cc8b4,0.3101,0x42e250824bdf98f3e450784b0c1cdc3ac2f157e2,0x66696025db831fe684d251540c0bf1061ffdb719

2021-10-21T20:17:05,0x9bdca8c3a39056a41a17c6fb87dc1296aa800ff1444f0838dcc0db19c55dd01e,0.688,0xf1bf1c0ac768a90c8a09162ab5d975255855b1c1,0x6285b0727fdaf31cd1ba9fa8d5cddccb02fa5f6c

2021-10-21T20:11:55,0xc42cfe8664f592212ba6ae006e40af9f5722c4345b62a31f32a682d5f98c0ce6,0.677,0x81b55fbe66c5ffbb8468328e924af96a84438f14,0xcb1ec568f627e4766463fc3b751e8fd400afc6ca

2021-10-21T20:06:42,0x77957aa0e0c3b95d9f4bf0c2afc911caa0001e30996bfb6d34789207c7e81e33,0.63,0x8cd3bb4fbfdfee013af5ac9c46f0c22746b095af,0xade44991d931ca62e4b56f59a7a8e9160067f48a

2021-10-21T20:03:41,0x80788fb9bb8bbf4ba721a1ba2a63ef81547f05898b14f414d4f0ce56cf2f5ca8,0.5999,0x82cd2582c8eb5ff860db2879ac68af1d419998d7,0xa96da89fe68c057417b7ce6c5f74520f882c4d61

2021-10-21T20:02:24,0x98b814cf346c128527e118e2415474aaa73ed37cf57939ae390fc63014cef05c,0.575,0x1ce1009c436e047a7aeca6304fbc83236772ebb0,0xef15bd3f923245b24d64d6fbf57f036fe650c23a

2021-10-21T19:54:12,0xb94a78f3a10002db269b07c699bca472da56ee4f36733b836394b5335345f476,0.59,0x84bf008729f50c4d4f9ecbf1ab528c232dee1b57,0x051d7129a5579503ec9554290ee7b765814ab1d1

2021-10-21T19:53:01,0x9adc7f7f467c6bf5130681891597a4a07eae20ade3e80921cb174effc99795aa,0.59,0xdf70f7846251ffe0f1b40a40933632cfd5c6c450,0x8e05bd9fa3059ec69c15bc1a6f4d94f0ac26ce00

2021-10-21T19:52:21,0x06609cdc381b500173b0f0d63ba9cee19135d7fa53dc18795bed3aefd37fa461,0.64,0x3f87f66041876a74fe0b81b86529627217fa1d45,0xac86cd5c6b193cf301f86118bd392f9a38900af5

2021-10-21T19:49:37,0x1c7fbaf80197b266a165f9ad63460ca6cc01705c3b727fbd70c0e13ea0eaa11a,0.6,0x469b786bd2416eb6eb832741f2fd536f60a355d3,0xed034b287ea77a14970f1c0c8682a80a9468dbb3

2021-10-21T19:49:01,0x85db1dd3a27962ae10edef8f3d52bd7e49b01b03614040c05d80ea02357670f3,0.6,0xfd49ffbd075aaf57e7d7df2608d64ca494ffb6df,0xc9d42afc4f867c4c3f28e78ae50e65001998f5e9

2021-10-21T19:46:04,0xe93b6a8e1e6d31daea10734815656fe33759f34732f3fc33f522a6053a011029,0.5,0xa5e2bb97de3c62ca06f1a2293eb7e01c114e9a49,0x88004a0f6e7dfc2ef21c49b614eb0a3569e29525

2021-10-21T19:44:50,0x5be8c455c7a2eab2199d25e0e70412be413f1ebd0bada7d1993a413c86d627ff,0.51,0xcc3e42c55a9874cec685fb88c107dc77a50eed9b,0xfbb63846776982dacd4ba710501f93c3073040fc

2021-10-21T19:40:45,0xc6e7ef5bf72ebdf94364b0fbc37bdaede9e8f924a69687d96e3fcfc10fbeddf2,0.5,0xa5e2bb97de3c62ca06f1a2293eb7e01c114e9a49,0xbd2602844ac0abe102f160e205b989bd12dad04a

2021-10-21T19:38:12,0x09e4460768bacee3c8117fe4e98f2de2714bf50413c78478ece4c1b5cf47545a,0.5,0x4d4937f2e4a79e2d09461f74fd62c05b630d7618,0x642cf538eb490080578bbacd597dec6d859232bc

2021-10-21T19:37:03,0x5414d45a3ea5e289f12de3616947e6bc8250059a97cc185eee1f4d33d43bd4ba,0.5,0x67425e833b3ba8970636d5fb18134487f52aac59,0x3d822ca179fb128e84a6428a8a06bf07f007458a

2021-10-21T19:33:39,0xc2123e80138a619e0b64da48434587ab1a464f6ef7b70addf4fc7ebf0bce3e89,0.5,0xa839bf4eabebeb68cbf8a02c5b75e13f9f7cf6b6,0xc67cfdae7bd350aa3932af5a5c4e73dbc34ff111

2021-10-21T19:31:15,0x9dbf964698f933ee39be2136689ac89a88a6d924372b76ad0ab8115fcd332557,0.5,0x9d823c0e870e10ece3c1515f85f2a44d76e26ebf,0x3927af597c09774f91ef84bf765ded4109e9f8ea

2021-10-21T19:24:41,0xf76a5f7847d644c31f95126516fc831df35f772842560cfc60c21b46f9215699,0.9898,0x5a5617ba16beba3d04ae3c6b1e9d522c1856763c,0xab4787b17bfb2004c4b074ea64871dfa238bd50c

2021-10-21T19:08:54,0x8770236c0ae83d79fe9f548faede475e1d81eb00d25620786042e956e04a18ee,0.499,0xa7a35562ca3cea43cad09c459b6346b0e55e578e,0x01f109ac6e947715b3c3c506ee60d324d45edcd3

2021-10-21T19:08:15,0xbf5251578f6865019f671575f9c36bfdc63ede5804c2c2e42b3c95135f5c0df5,0.4939,0x4e2cb2ebe7299181bd982d89b352e1e6cc00e0a2,0x7c689f82ba9260cd971f713c8daa175f18962c86

2021-10-21T18:59:18,0x54de422458c250277a07d3e4d95cd5bae1a062ec5dcce42679a88aac7d351a83,0.4947,0x25aaf13451e66f4f322a6105f7b295d1a7e9da96,0xef6ea7964a11d9fb09ec1298586e733b303b2f4d

2021-10-21T18:56:55,0xb62648d6474905c50563f33a0846dd5eed078f272979ded076d76a9d42cd20d7,0.491,0x78f28e23ecac90181c9c204599812ac610f2575f,0x92362e4db8db96c8103f3173d1867643b1cd2422

2021-10-21T18:34:03,0x5b84a1a20dde27c8ca0c308dbfebcb0c29b87df2fc0f2667f4a110312885fedd,0.494,0x25aaf13451e66f4f322a6105f7b295d1a7e9da96,0x1bc26c75c728b711228677b2ad8219ed24f05c7a

2021-10-21T18:33:35,0x70f3fb396e41cbddca0b972a621bbe5cda7e2a21d8b8bd7b434e21d2ad0b9b55,0.497,0x25aaf13451e66f4f322a6105f7b295d1a7e9da96,0x88a6f6ac171e24be54d95dfa7ceff80ff185b346

2021-10-21T18:28:11,0x1660a3a66c078f41c6dc3c1ce5220b2b7075bc509d578a0ee0a2384115ad68c5,0.495,0x25aaf13451e66f4f322a6105f7b295d1a7e9da96,0x729df05c357c668394cc3756154ab7c25b62e979

2021-10-21T18:11:16,0xd61f1dc9dbbcb17207c6fc909e6b6844ea0602162a1c2e39baf8688f4780dc82,0.48,0x8284ab17cbfece9be432f9697ad4febbf2ab67a0,0x0fc284ce0afc646eff23fdf3af3ff72423ed252e

2021-10-21T18:09:51,0x4e16bcb1911d386d2dd95345a6c1a18229c6a9004add32db10c929d2214bdfab,0.45,0x31a166d4d9fe2ef4f88ef1be15884ec42212375d,0x59a79cc0dccf0a4327abfbff9e79b90c5303d18b

2021-10-21T18:09:30,0xd6795710b7ece8c98468dac42f3efba02f090099f7bc9508ecb59d84cad0a4c0,0.45,0xbaff32d22de0274a125b34e5d51895b950b0f3ca,0x99ed7190511ac2b714ffbb9e4e1817f6851ef9f5

2021-10-21T18:08:51,0xa8bcab46903ff4cd5bca57e116baa420d8c529d3b911238b9a68cdad6c463ddb,0.435,0x5da302617822144a51f2107be45182dc6f0f5821,0x1fb8a998aa1298b7e8b3f7f0f658f586b4a990b9

2021-10-21T18:06:35,0x4f288fce8cad3dd2bed52af84c8791d09648718b024900d4e27473945b475f91,0.42,0xdc4a23d309b5030b57713d6c4a5ceb7cdc6b927d,0xfb4974917850d9d82d812dd49221eb0b4c2f240e

2021-10-21T18:03:50,0x432393b460fc8edc34fa4077cbdf9589b638d3ae9eb83be7a1fd826d5f91f1c8,0.4,0x81073b2ff68082687fa872d1fdef149277783365,0xf8c7572edfe207f043d6acb4cd80a0c53346a446

2021-10-21T18:03:35,0xf32495ecc604611beb1752dcad0dac69c27cc94aa5f7fc770f5f3107468330b9,0.4,0x4154ba874dca0597900e5102a621890451ebfd1a,0x2e90606d7c5f13bbabd54188c9c84f58ab400570

2021-10-21T18:03:21,0xf143959d65682bbba1e4e709bf98fa0d43db8e22e9edcc82ec480db6e7a8fd16,0.39,0x2269cb1ca47546700e6c311b4aa1150d468ca2b0,0x0b8be030a1d151b1fa722a794eeab43a45b1e002

2021-10-21T08:45:26,0xee32ef65bd5294ae06aa6e24b9b1685d34a095628f1121a13f062e14e0b57cf3,0.39,0x62ed759378160d283ff9c01660b3f55ca1c33e77,0xcafebabe86cbb8534134d96f746dccefcfe3babe

2021-10-21T05:12:55,0xaf6079b6a9d7abc41b163b246be93a0eb9c9be447fc029392f61aa09c845f27e,0.33,0x6219f88409bf0b756c75cfba80f92776d8f8710b,0x5ae19a0b03b29a23c01cc55922716ca06419e65f

2021-10-20T05:20:35,0xa25fc385f47a503070827e09dc9a995ad473079ecfba2dae90c1d6d945aec04c,0.33,0x6a01af210dce01f44b5067fc688641384a8bce5b,0xf56c99cf2ef73dc57f3c871de578e9a642558318

2021-10-20T00:11:13,0xc40ac80422af40a32caff37a783411571dba004313e4769f1c6650648036cc1f,0.33,0xb3af48d951f16425d2fa5a8147ae255ed426f54d,0xb4888d62eae94d810045e0f450e1cfd2f38d1519

2021-10-19T11:44:40,0xbe05ab27362cb6ec58c9dbda2efe42bc0af23402eb216a2d966e865a678c01a6,0.35,0xedf4d37609e0e942e568818ec9f8d9e18809d4af,0xf9c0fe7b9cbefca3ec9ed572b108270a2a20c10b

2021-10-19T10:45:00,0xf4cd7b348c8cfae4821d9ed0ba6101ad1280bc8506f58f977c94b2a80576fea9,0.39,0xcafebabe86cbb8534134d96f746dccefcfe3babe,0x4444da3cfa07c77a8977da1275723a8b5deb14c8

2021-10-18T23:58:29,0x4fa68cbdcf5dc3e6987bdad98048b61b58ca70e273f4e7198095bdec1f29d489,0.375,0x4ec741b83ec1f0b491152904b1b8383c2975031a,0xedf4d37609e0e942e568818ec9f8d9e18809d4af

2021-10-18T15:08:36,0x70fcb2b98d7cbaffa4c128809a1d0a63417c4c4f48bdb038fa4019310c13c08c,0.39,0xbf2069baac22473c3b7455cb335dda4a2e523e5c,0x8890cd645ce242a740415169a6959cd803e542f6

2021-10-18T01:09:10,0x694820a737bd183888930b1afc53a8af53cc1b327b3ad389de1a4934c329630a,0.2501,0xd5e32a6ce66325e17d02f3f134f1424254e8c24b,0xcd741cb75cc34145b6437f5070906d5139b7fd54

2021-10-17T08:58:28,0xe78e138dc52ba917f7371ee977cf583609af771bc9bc6209f3edf1de5e17e370,0.4,0xf97abe183dfecff29275fc4ad8151489f8167ce8,0x696f11e949d291743d544eb4447fc3eb4cec4393

2021-10-17T06:36:24,0x47c1ce3ba63de62e421a72510265538335afe4b1fc355486ada4d2beed1886f7,0.48,0xa91ccc510ea95164920e6879d58af3a97c68fc3c,0xbe6f5437c3c73fa238628fb5da61a1a07ea0e8f5

2021-10-17T03:28:54,0x86f446cd67bc0c2c29720391f8632b8e4e41e8d6fade1ad973015a5d989c834d,0.48,0xcdfc03c9ef93055ef29e721dcfb8a7c27af03f80,0x02a76e34f224fcfb6faccab1ddb6e91cda7c8d5f

2021-10-17T02:05:09,0x080b8172dcaf85e91be615677098c09ffd6a2ba5f9e68557ab36f8b9d9f0fdcf,0.47,0x963e05cab06616c1fe98c0d64494165b7ddc59db,0x0396dd6acc42ce2f0733e2e6fed7cd157ec930c1

2021-10-16T18:55:35,0x453b85abebabbfc1096890780c0418dac0613617c28cec639382714f3553f299,0.45,0x616ed054e0e0fdbfcad3fa2f42daed3d7d4ee448,0xa4c8d9e4ec5f2831701a81389465498b83f9457d

2021-10-16T18:54:01,0x061ff241e126d83aa48cfcaa58c73287e3bbd27fb411da6f0f33c1d7fd34ba7d,0.48,0x95b1bbb14de26cf08a832108b4b13c1443bbe09f,0x696f11e949d291743d544eb4447fc3eb4cec4393

2021-10-16T16:44:16,0x131b1edbde8cfe859ee9a9c829b6d0bd98ff4de39a7d7b8106e6d51c520d83e1,0.48,0xee78f64e1613db75a4625c4a18095bc269c9379b,0x3ed7a8c2139710a3dd22d61555e2004a47a68097

2021-10-16T07:31:58,0xe9803a5263ac95d3e6624ed99c6b8ec6dfac46a5036acf99b17f633920b4b55c,0.444,0xeb942400d63b23f9bae882500f211d8c4de3db07,0xdda5d3633614ce4c92b021736ceda4b766fd139b

2021-10-15T21:32:09,0x6c3bb95dfef00d9f85ed6d6100b3e60321e02884c509e75314c713e97b39d94c,0.49,0x6ccc566d56645b2867baa22db0eacc7532548e4a,0xec47741b1102b74c51cd673fe5572719add8a838

2021-10-15T20:20:39,0x89e792e22e9120f69620bbfa66ac50827ea89268a06925915eca29f6067ab9c2,0.45,0x5de1130c34a1397405367087c978ee97b56a2b44,0x6f3ba8a845d18d32be6985650e449d7c29926f7f

2021-10-15T18:25:21,0xae21c5284b957cc77e43c03623309664dc4b9468be0c1466fee2be0cc392a2a5,0.4399,0x7d985cedf2a503768049b2017ebbd480755d0174,0xa5e2bb97de3c62ca06f1a2293eb7e01c114e9a49

2021-10-15T15:46:23,0xafddc3669951f1f5e0e4eb7bf4b8898bacec2d74c976d5436cc6582ade6e0bf8,0.435,0xa74d432e64cfe63e1252341ae7810c6f902595c7,0x57f02141f2d91a024032536ec61c974be76eb7c9

2021-10-15T14:33:30,0x2f9c6074af51a6d0479cb99f241af88e8d70648155f4cdf3e4fbc4050479dd70,0.435,0xa927d30efeec4f35f53378504080ec26e396f75d,0xbf2069baac22473c3b7455cb335dda4a2e523e5c

2021-10-15T14:13:11,0x93317469f9a3f52a2c8e8c81244dc096d057cc055fcefde76929827dc5dd43ea,0.434,0xe2a62c45f5efcf9d989804b9b0b4f5c11591384a,0x823a4b282f6c8c78fbf2c63860e777c395e5f213

2021-10-15T07:53:00,0x915c773c48bae452045e5d501bcb6b1a0bc75e4930f3e3b14b6e5d4740a92bb9,0.432,0x25aaf13451e66f4f322a6105f7b295d1a7e9da96,0x6904dfa88d5345dc7e2de0e1eba32a6c1e672b93

2021-10-15T07:46:16,0xcea9738725dc8b3fea51056cbaf50359c595772768d64a159bda271c17069141,0.431,0x23c1cc61256486871e44f1f4e630e4dacddaddd3,0xc6a51530c0801e69d5e2d3a84da0ddeafc03851c

2021-10-15T00:34:31,0xe5e75e8d8344e9ee60e18f256c1ae849f916b8a490f1f932259d95f5a60f7b37,0.43,0x6314436e9118d315ed665127e199c68bb04bb7e4,0x6f69f79cea418024b9e0acfd18bd8de26f9bbe39

2021-10-14T23:26:52,0xd33564db1714426a422da99cf0910c933c95f93d225c12fc7e7c3ece531b5d05,0.41,0x4e3edee75a2807f00f3c87c1d27beafe0262db0b,0x1f6cc17bc528c90fac54244065e7dcc2d39c99ca

2021-10-14T22:15:22,0x0510c512dc8cf381df2b37fe57048550b48d3a83a1155261aad3470eb779cbce,0.38,0xb15ebf21a217af1385df577932a14b09bdf8c434,0x4e2cb2ebe7299181bd982d89b352e1e6cc00e0a2

2021-10-14T21:36:29,0x348142ae1239f4b5b9981d899909f60ba753060b247cc71cc6b40d8ef90d89ab,0.409,0xeea0382b9cc110bb7f1613bc66200513361f207a,0xba96896f1971839ab260b3c9053f1cacb8e55039

2021-10-14T21:03:06,0x5914b307fb09078471f40beed26dd4eec8397ca58cbb8df3bb52e1ff78a164a9,0.375,0xd5aa5739d1b62edca74c2547bc95eda8da37182e,0xa74d432e64cfe63e1252341ae7810c6f902595c7

2021-10-14T17:21:26,0xd2960db31c1d2e0dc5170daec9d45b57d39dda0a58b4fcef060336b07d07f7bd,0.43,0xd1598c76c78acc698a5241578ea0b21afb29ad44,0x47c522540ca8fbf2c21df297a4ef2c6d61bac949

2021-10-14T13:37:54,0x6ad059f45539081b86e670d118806d1f5d30ad6210a01212734edf270e360ec4,0.419,0xdb71ea20ecadfa5ba5346d8a16adaa44126a842a,0x36ed861a319278e5b6c39028884b0ca93df105d0

2021-10-14T06:39:49,0xf72f8ae91f189ecc160130ae8f5fc66a4da1f7bbb331dd34440e12e20a0a6581,0.43,0x46cb54227e031d8df8e5d45c24b2a717e8a7ba94,0x5c95a4c6f66964df324cc95418f8cc9ed6d25d7c

2021-10-14T06:05:09,0xf51af3b0969935a12b95823b646007ee777ceb88ba7459c35af35c91290dc1a7,0.41,0xa839bf4eabebeb68cbf8a02c5b75e13f9f7cf6b6,0xa67f71d39574b6cde8bd5fae38d9e4c7a55e29df

2021-10-14T05:26:59,0x78feb531b4a12ba17d5d92fa16bf60f7978934e611e247ca9fb09027fdc13b3e,0.4,0x3fe76c373e1ae6c3e5448dc4821a24d21f1ea3fb,0x35e7ca43ac60aeea6b059bca304eef948884372e

2021-10-14T04:10:16,0x9dca1fbd82d94bb571d4b4dd16a6cb282997cdffb51972013a4d8e4b893bc25f,0.41,0x9e4cc90da065868b85b4a48184921d07ef4bda4b,0x40dcb6db7bf5352cfe9219033ffdc67b5e3e0488

2021-10-14T02:49:35,0x815a097cf13823f7b6015bff6f458d511bacf0e693578389626a82f242e190bd,0.301,0x49b968bb3ee23671c66b3382f4d8ab0239903adb,0x89b7f3c7b61ca77cdf515095ff194df82636f2f5

2021-10-13T21:26:57,0x1b2e51c25c1901cd2771bcee37e6d8971ac079435224f07f4625525a68712fa2,0.4,0x8f04680402ebe195676489a55617431fed9d7459,0x1a61bb6b6a59d8b06f27633c32ebfa917e8daeef

2021-10-13T19:55:50,0xc8b2eb1c8ab7f790648455b8ee9af9eb0c5a25019151a790b530086192b72425,0.39,0x51ec15594230ddf21a7ea5a4ac392bb8dbda527e,0xa5e2bb97de3c62ca06f1a2293eb7e01c114e9a49

2021-10-13T17:17:06,0x805f49930d35ddc0d7767de9d31eb2ed6b928dff53bf4eedc4b5b50244889f19,0.305,0xd9dd3bcf5bfcdeffc2909a2febeb1a233a059776,0xc6783ef814540c0b6565982febbc0fc5bcbdd1e6

2021-10-13T11:21:16,0xefbd608d75e9f593f44a6878ee8795c293aa153e8eb8f5fcf97806dffd39590f,0.4795,0x25aaf13451e66f4f322a6105f7b295d1a7e9da96,0x938d4f2812aaa067059e6b5a3275af3291fa20fc

2021-10-13T11:13:42,0xde349a7d6c980c9f4251076791c9d3e27003fb59d7844e1ece6b7e20ca379fae,0.475,0xe3465a429ea4372d8afe5cb8b13633e013c9e6b1,0xa5e2bb97de3c62ca06f1a2293eb7e01c114e9a49

2021-10-13T07:12:20,0x3a2783791f916e314b4d18e6a086633942ab557ff0608f84f97fe307b3dc2c8b,0.41,0xe332f681df35f683eaf889e470ee6d7267dd80ff,0x1c7a993458950336faae24bea4a79169b1eca6d0

2021-10-13T07:10:58,0x6d40945e5419a137f569a1c597f15f41c68160bf02773646c14feb85d836227e,0.479,0x97f88c8d342989b8ad169d47a31a47da4004f48c,0x0a2e59e0f821fa7ed4f32bfd111840d53e95a149

2021-10-13T06:58:19,0x9ae3588497cdabe4ab6a227b0b8f66d66b35e172f6dfc618afdfda0d04da8161,0.478,0xc6783ef814540c0b6565982febbc0fc5bcbdd1e6,0xbbd52ca87ef1d4e82536c731884a0d0675fa714c

2021-10-13T04:15:52,0x746a7f12c3f0fdf09a501daea0929b5c7a1ee9e6e18db560397a7d336fa55e99,0.4669,0xf1436d5b58781405120f06806ae56a3dbe606805,0x1b36ffb9a23ba628919d869b489be9338495e3a1

2021-10-13T03:59:06,0x58db8ae6f20f998c896c8e7e785128da74bc191ba33ed3b40088b39f6a9e3f45,0.4795,0x6b32ae7f5db70749543ce0cd4932abbc501a7f6f,0x895b6df95eb70309e3e0b91625682f3b92d75c44

2021-10-13T03:17:11,0x15d1465335b24bfee6667222135a8d56752338dcf8ecbd4a558bf0568bd60eee,0.42,0x15f5f7b532ad6361092d24ade7a17e54cce0dd75,0xfdbdfd6586a99995e9eacd7126a41cfae8550231

2021-10-13T00:54:46,0x25c7d535a680d9fe3e685afbd2533d00c5f9c75192a9dde58f1f1b80df5a3dde,0.488,0x35e7ca43ac60aeea6b059bca304eef948884372e,0xf14c883b4940e0f8c4257d72674f003d8b6cdb58

2021-10-12T20:33:06,0x9c934328b10584d597745dbcdb20d37b4d48b3a552d01a17d9118c9ad84e3c99,0.49,0x6b32ae7f5db70749543ce0cd4932abbc501a7f6f,0x02567d98dba79f6acf3798521fb517aa6f40a888

2021-10-12T20:18:05,0xa31094da4055ca1df6db3315a0e5fe659764002f70206a1ad34065f1b8ccee72,0.489,0x6b32ae7f5db70749543ce0cd4932abbc501a7f6f,0x49e5e9239890789393110f36f1ba88a4d1e95a9f

2021-10-12T20:00:24,0x4eedc17fcba146b29f4fcc77eceb7009690dab3bf2dbdc03412e9da4e3307b37,0.44,0xe06a1df72767a38294fd3470ff25287e74787385,0x760c2617f5107c46bf2d05afa0c74c79e9114b09

2021-10-12T19:55:17,0xe7188f2cbb32ad44b742bfcadb73a0e5b82c0b62a65b1cb28bb957fcdf4b9948,0.44,0x092e7acb2c8f13546ccff96bc6a6005ae9fe5162,0x835341901de0e0adfb6f2f7803bf1281b13aef67

2021-10-12T19:29:30,0xbf38970a1381399ea9d67cf09b477dd741835f5823ac7129f780e51bbf6095de,0.43,0x91d8acec761d0c377e4ce43b9898a7bba3a50e2e,0x0c630bfd15e5fa2c7e3e2905fb783c1fe3d82d34

2021-10-12T17:14:39,0x99260b7112168081827c9120f52eac6abb0d57c250dac064a073559a6ceaf87c,0.42,0xf0e751bfb4e1e3157a0789411357409dc8185bde,0x7047bc96f206b2ccbaaa5a5b5124e86c1ec7c81c

2021-10-12T15:21:07,0x950209e168fe2b4e9626be3817dd33b670949ef186fe4850903d5a75a468d6b5,0.42,0xc6783ef814540c0b6565982febbc0fc5bcbdd1e6,0x09800064d8321571e657c507e62ca92faf5c039b

2021-10-12T14:26:44,0xbf60113f3cd7e7f936ace16e756d33cca64e812fb9a0e09f9606b2ad09e3a1e1,0.419,0x10a2dfb788a57587e6dead219fb2829b8ead9d7b,0xa5eae3eacf95a344cc5c54413729cf5331b9b495

2021-10-12T11:32:51,0x6691be773e402fc79c16020be9a29e21b78d1be429554b77bc0cb2e8eb652f62,0.41,0x7fc9743d7aef4ad2705b405f5ae46f595cd44860,0x3d345668b9379ab02cb1bc78a23f585ec65e85df

2021-10-12T05:16:19,0x2229b02128a7088bd0480853e7eb52b097e2ebc2e071d5ca9149ddcb38f14abe,0.34,0xd17f0935b1cd9ae87073672c57a5b251c1c7566c,0x18bd67edbcb6e1072c0ffdca2add8fec805246db

2021-10-12T04:42:03,0x78c5e1aa37c946e5eefceda5437c845099c00dc4136e8e49b31a1e809aa2750b,0.333,0x67fc12e527bda75b10cc76f34b5ec798220ddfb6,0xa7d7ac8fe7e8693b5599c69cc7d4f6226677845b

2021-10-12T03:49:54,0xa80b6a903e10a4e5049630a25a95ef094727a1bce52e14d0739e415b30f51212,0.3,0x7419920c3f07635852ff9d6f113a2ac04f497aa8,0x76c89bfbb83c7b712e968a10bf7a6b3818487f46

2021-10-12T02:12:21,0x67ab31105ae53b7a0ce8e1c065b7168b3f45593af4d0d6d760a0681f2d77e282,0.32,0x559113d9eefdb5426351cacc37342179233bae9f,0xa05bca6f6d9c0bc2c3a597ac3f800eaf502aca66

2021-10-12T01:28:58,0x68e935eaec4b67a5cc2615ea9245e3f0a6bfb52ae2ab3e1895e9f69ce0cde929,0.3169,0xed2d5cb920be21dddd88c4b03851183b539d3d2d,0x222e859cb744eba5dcaf5224f52b69cb1bd72456

2021-10-12T01:27:22,0x13fc74509c25e67740f4beef826db233d02ba09eae97ee857f10bf82a7748d75,0.3,0xb3af48d951f16425d2fa5a8147ae255ed426f54d,0x0f5b24ce9d2900a9eeb49126d9e930e99b12b9d5

2021-10-12T01:04:48,0xad52d10ef74796553adb3d87f06d69e6fbda0b55dc71603310e95c61e79e9a8a,0.29,0x641891adbecde56492f86330dd89059c8119494d,0x3546bd99767246c358ff1497f1580c8365b25ac8

2021-10-12T00:59:33,0xa38cfd54e5b05ad267f95d80e1ea9037ee2a682cf27328e7aa5c0754b3c48159,0.3,0x641891adbecde56492f86330dd89059c8119494d,0x1fdb5c972355e9f3b1ab8588aa613b4bfc291564

2021-10-11T18:46:20,0xbff3f50ac965e91520d2345d1635fd36288576b694cd3e1a3551fef09cc83ee6,0.33,0xf99983c1b128b87bed9ae10ec19df12fefdeb822,0x06db9e37bce45a3714265a5d69e40d2bfacba97b

2021-10-11T18:20:40,0x11bc2ea7dafaf574cadd89065c197c683168817ec3fe3a3c74a14a099eacdcc1,0.33,0xd71530de416fd7ea8cfe502e9e40cb7ce3501d4c,0x8b3347fd0b8c3a619d1f1fdc90caf4f335c03742

2021-10-11T17:09:40,0x56e2683b918a5781ba19bc0339d44ecfa5323998e56ed86fe7e7ddcd2d642327,0.28,0x616ed054e0e0fdbfcad3fa2f42daed3d7d4ee448,0xb692704d590e224c67fa96830c4b2526fccaf3a3

2021-10-11T17:08:47,0xa95d24ab3385d386fc591cae3344b59b1ce08550d1645cf95d46396f9f4b5e52,0.281,0x616ed054e0e0fdbfcad3fa2f42daed3d7d4ee448,0x79eaf0b04353aecdcc7ca05345e67610a4c1153d

2021-10-11T14:30:54,0x3022fda7610909f672144b759400f2b952868899f23b495f664ada5cea4051f8,0.3299,0x10a2dfb788a57587e6dead219fb2829b8ead9d7b,0x7c846e2487a8b6ab7a4ceec6a2073c5ce388e2ff

2021-10-11T14:10:52,0xfe1d74ca8d74d8509439f384b88c7f3089ffd25568f2b31b872e08808819c456,0.295,0x339a9d7d7000f31af102a885089d3de936a4a8a4,0x5efdb6d8c798c2c2bea5b1961982a5944f92a5c1

2021-10-11T08:32:09,0xbe4c2532bf04032be0272caeefded31f20134ab88b68be3a72076575271128f1,0.251,0x774726767fbdc6231723da46c23ad7ba1a2865b2,0xb18e3c41faf4139b89b4ebf1f5ef645a3ad0ec7f

2021-10-11T08:10:11,0x7c6c4df47a1534f3752016230e5cd87a28d9f46818bd222931d6fa2a15a22bcf,0.255,0xda71fa24ad1f9d26cdd15d6bb1579ab33bf027a7,0xc6783ef814540c0b6565982febbc0fc5bcbdd1e6

2021-10-11T07:59:23,0x54d723bcdc505319d0998079ba68c0a453f00a625a2983bd80b007f57c79d207,0.339,0x90dce282b4cf86bbbb24f8e9e01904e198606e53,0x9246986391f697d32391c926d0fc28696e380862

2021-10-11T07:50:26,0x955e118d102ce46e333403b08a6c91a7e83fc756b347049bfd9a525cc2d6907e,0.333,0x0701d19c4d9364b69ca001061ae3ed169a40691b,0x9246986391f697d32391c926d0fc28696e380862

2021-10-11T05:28:54,0xada132a8efb3730fedddc16c1ea3c0b919319c2b9fe0426c4f74a9afdb62a46b,0.29,0x6a01af210dce01f44b5067fc688641384a8bce5b,0x0b4f222cb69554ee96bae54abbd5583d40539266

2021-10-11T05:02:06,0x9f8173a8d7f36fc4567dc597139e2f4c1f9bf632a879843b894bb90b15ff9a1d,0.3,0x17e72a77a84c2705e77c686a3f756ce9d3637c58,0x3febb7a93aa9865c7bc1ae14dcc94ff0a7132d46

2021-10-11T04:39:04,0xb81681be924def31c64cd287e95637e6c07a412d5496454581267c13f14a1bd7,0.33,0x3265a39fa1bdd28b9029568208e3cb4639adbf3e,0x52a45ef0e7dcfd0a0a0c9c1855355891c727cf34

2021-10-11T04:31:23,0x8ffbcf65f1df842ab5d76620a8446780c2ca6b23d2b36fac6b1599ca6682accf,0.31,0x559113d9eefdb5426351cacc37342179233bae9f,0xe06a1df72767a38294fd3470ff25287e74787385

2021-10-11T03:42:11,0xfbe1db0891cc33ee1a66547833377c778945a5fa1bbf6a9939bb0fb3d42c3cb0,0.31,0x9c4da3b84be6500f9d9012a9ef7d941bc22e0333,0xf5324be5db41ba9e464e14f3940eccde98993682

2021-10-11T00:50:03,0x8647408a9b6f41fc93d99a90f304c87bde7310f3fe33de72d1b9754404a63c56,0.32,0xeb942400d63b23f9bae882500f211d8c4de3db07,0x00f35951b479c8ecc4e549fcb19b46b2e773cbef

2021-10-11T00:12:53,0x1fa8702cecaf3492008e86b45e3875fb739ba55eba3d045c933b1ae03666fe8f,0.3,0x052fdcfb81d8234def61076999b095b75da8fa36,0xa309e257db5c325e4b83510fcc950449447e6bda

2021-10-10T23:33:56,0xa8363fa80697e544918d14a336cd7074c50a69bb2d3915f8de10cbb4a26ba66c,0.325,0xd334b7afaed32bbe62d47ccc28a34cf96cc99822,0x3635b3d38b971ed37b17e6e1ac685af87bc8d930

2021-10-10T22:55:34,0x5757e86218cf3f7dad2fc4e3bbe3403aa904d3261dbeaf45515facf7c984f735,0.31,0x1ff2875cd548eeae6d22f26bae2d72a50fd143c7,0xf1436d5b58781405120f06806ae56a3dbe606805

2021-10-10T22:40:58,0x7bc61617fda64c01883b4d1b0ef3cfd7c2abb86e1e1291b6d5da3079b4e5aaf7,0.31,0xdf2b2c1df64d58839320a07907d4181f336a737e,0x7c06c7be45b627ab773ae860bfae74a5bf996bc4

2021-10-10T19:31:45,0x5ad98389d48304806985e01306c1caae3266170505d0062a1f86f17d3dae29e1,0.342,0x3265a39fa1bdd28b9029568208e3cb4639adbf3e,0xc745ae18b87eb0db75c89d9699dc880b833d7645

2021-10-10T19:18:29,0x0afac49df36bfe5d2203629bb2f26de8924becf8f0e04c56cde0ef28cb0b34b1,0.345,0x13b6f48b7d831f875771eecac073a28eda4b137c,0x7831b8ccdbf6e51032082663acadb3958b253410

2021-10-10T18:43:05,0x83be002a3d18d78c456f3f845c32cc643216a757d188a39e033e9f9ab047035d,0.33,0xc714040a89c2955377a61a927fd2cf124f507444,0xe400a85a6169bd8be439bb0dc9eac81f19f26843

2021-10-10T17:46:42,0x5091584708a5d1916582aafad195ce0ef7e86f08fd185e18d313586f6bcbd5eb,0.4,0x4d4937f2e4a79e2d09461f74fd62c05b630d7618,0x84bf008729f50c4d4f9ecbf1ab528c232dee1b57

2021-10-10T17:34:53,0x461d56802e634a09b827bf5af5bb11dc4bd486104a0bf9eefdc50d23a562b2b7,0.38,0x4b3e77089c5eb6558b5355eab3bf2ee4156bf2a9,0xd031c48fa2098d927a5174c3535d83216931461f

2021-10-10T12:32:08,0xf51a36210c7c898cdc5abedc24473b7a8d656aba33a4b9644e8ad49efa9e2554,0.35,0x6ddb28ef4a2a4970e7cf6f556ca5f71abf2de35d,0x81c2eee2902eda6db28a448d8a814f221718ba2d

2021-10-10T11:40:19,0x57083edfb7b60f56946dd094a5389247305599cbb077a937d31c0e86ddd1518e,0.4,0xc0ce1e8cca9d9376aeb8b4e40286d57554f46cfa,0xb6a6c2997d90208271b3a2eb8cf2316a7b3402fc

2021-10-10T09:05:29,0xdc137584a0419ed3c55cdf62a953f97208f270d0aee04061d877c8220996ba7b,0.39,0x27db134012676a0542c667c610920e269afe89b9,0x38c39202e3e8152b0467ffad0c080241c7834dae

2021-10-09T22:26:25,0xa3dadf8c7b21e876af7157b0b4cc189700ac998f2f6de6ceaf8974d79bc64fa1,0.4,0x5e13d49257f9e665c900eebd8d96042507709838,0x1fdb5c972355e9f3b1ab8588aa613b4bfc291564

2021-10-09T19:49:31,0x2edefd708fa3177d6c115c5b8d3cb5ae53bf405d862bb0b8f92e47868dc685ae,0.47,0x8955c5b0b4af3d023e4baedc9d230e9a61bcc8d7,0xc7d3b9a8ceef1aaada56525d1f3cefa9abb5e02a

2021-10-09T19:05:00,0x1a0d94e7b458d001b94eb951a58b89bc3c5005736d2a18e8107acc269f81d0a8,0.4769,0x6991b9826ba1c0d41fdd97539708529baef871db,0xa097b835cbe0531d005b95930f76f8552ccf9924

2021-10-09T17:01:58,0x2a7fec7142ca59ed6fbadf3f5eb490ce5e93384f07ff5fe460dc6a27807784f6,0.45,0xbde1668dc41e0eddb253c03faf965adc72bfd027,0x4e2cb2ebe7299181bd982d89b352e1e6cc00e0a2

2021-10-09T14:25:06,0xfcb9a39d20120ab6240d0e9234947c6c3cf19e20fd6e87a82851bb57afa6d361,0.45,0x81b55fbe66c5ffbb8468328e924af96a84438f14,0xf532920bb32122d6475ad4cc7634dc3a69631902

2021-10-09T13:52:48,0xf5a4659bdb698812c159c906068eddee65770d7c0f65583924816365325c3bdf,0.4,0x6e63a4caeccb4f341ee9c9175c9cc554bdb6d10b,0xf9c11707d1f5fe2b7f4c82b2772543f2c4ef165a

2021-10-09T12:59:05,0xe6f0b411a63cb78ec0453aca3d1aeca77c32e6a510287506080b36b76f5f4d8d,0.39,0x52108700662f865f1ca3dc484888a76358a83aaf,0x82cd2582c8eb5ff860db2879ac68af1d419998d7

2021-10-09T11:07:28,0x1e55d12a33f46068009660e2f719da0d292dbcabbba9ddc15ac30a0d195ba465,0.465,0x9b1565eea82e0a954fcd2392ab769ad329be6bbb,0x34cc31367cbcbe357fd6a1d470bc914d8840dcb7

2021-10-09T06:12:29,0x0908b4c6bde30ce13b3a541ad042803f5ce286ed64c5a89da36985e821caaff5,0.65,0x9d6c133b388c1fc9756ffa38c18e8e770e44dd93,0x912717e0658ceb44eaa12d19a18f73a306b8b264

2021-10-09T03:31:09,0xe9a0722c7d8dedb2661c11e2bce70309879eec1fef5d7c40625f5bfdfc5cf8dd,0.64,0x616ed054e0e0fdbfcad3fa2f42daed3d7d4ee448,0xa698cade532bf7491f0f887284f8e10e2de97198

2021-10-09T02:29:48,0x08bc43605e49519bf7d507136dab2ef7ef9e91a7dc939e602dd0e8291f3c9f39,0.55,0xf6ecca61447e252789be80faf3ca5afb85b71dc1,0x664fe01207dc37c84a97a8dcdc28bcc1da6bee57

2021-10-09T02:27:17,0x50ea02dbdf4a3bd471574b6c441cce26cc5c08d4fae9d62f8fef1a19045b0eed,0.5,0x78c756a81751da756d56197e9fd04419d8a1e1b4,0xabe7b4d31cd2991b8f6f2fc5545cfeb1d14e9ec5

2021-10-09T02:15:33,0x75edbb8923c89e06b10b0dbfdca05e0eb09300fea27fd06bea9e84c5e8c67a59,0.5,0x2238af3a398d2417567cc9ae7fb9aa3b1b1a1203,0xb0b235d3b8f65d6f7ef5efbc7678c6187bb034d6

2021-10-09T01:24:48,0x4ab84eb1112c9b0fb47f81cf6da88ee32ea4261b8a38f3359d92539542141f9c,0.48,0xb32b4350c25141e779d392c1dbe857b62b60b4c9,0x7d551b4aa5938d18be5c5e9fde7fece9566611ba

2021-10-08T23:54:08,0x656e537ef9d38c19a171eb5cd11e9ffe6425f660f3e644d9dd1b890b513c68d3,0.48,0xdfdbd5cd500cc04d3fd75a6aa695c453d918e29c,0x9d72f197b9cef08b56a280dbbd495ae1c026e9aa

2021-10-08T23:38:35,0x7c8aac2522a8e2b7e2d3d45ce59f44086655e9708f9f0ce87db244494dbd7abb,0.49,0x2dba88cb3b435f99a3e58b6e0fe450e8f1a3f20f,0xeae59ddd04014542e3d1218d966b5addf36b98bf

2021-10-08T23:23:41,0x06582a06a00762992315f92231bf7892a8b4e8f5382a3a2b7c65134e36a7620f,0.39,0x91338ccfb8c0adb7756034a82008531d7713009d,0xf6ecca61447e252789be80faf3ca5afb85b71dc1

2021-10-08T23:04:09,0x3512eea83d1def335e74d99057860c028d2c0e89957bfc3182dcc68bd53b2793,0.494,0x79bc6c1d8fc64214107949f0e5a2b1b4ce690b60,0xee0d226287f838da6ab7eb10f72bdc14b735c168

2021-10-08T23:04:09,0x2e45c94b1334fa334846bd23e716b0062acdeaea2929745d8777945a33a8d059,0.49,0xd1598c76c78acc698a5241578ea0b21afb29ad44,0x1a22c924389662643ee7a35bc697ecbb9411e61d

2021-10-08T22:53:59,0x7e5f349e050f4d076a5454bd582e5fbb31f5de5f4d58576b51414fed6fcb4612,0.485,0x5fd2c02689d138547b7b1b9e7d9a309d5a03edcd,0x67fc12e527bda75b10cc76f34b5ec798220ddfb6

2021-10-08T22:33:21,0xf45a31607981f6dcb2e445d79ab2e1deb72631b3d8171babf854386cfe583173,0.49,0x25aaf13451e66f4f322a6105f7b295d1a7e9da96,0x28335276026bf160a4c2e8e03703a7fec024e731

2021-10-08T22:29:38,0xa771cf38f90a02d7b8b9f05bc0eba846e5af2132e34967193beb29653cf56b66,0.48,0xde731672533d772c4a21bfa0353299c320151de8,0x6cc6f59f7016a83e1d7c5fad30cdd8c4cdb4aad1

2021-10-08T22:26:23,0x624860781900e5894ea390e93052a893f96e37ae1745df329791da4e85a8e6c8,0.4799,0x4e3edee75a2807f00f3c87c1d27beafe0262db0b,0x7b368eb9eed62504241c9712efb0b5dc030db779

2021-10-08T22:22:59,0xe445883abdfc610f084ca65675dd227ee2719accf78684386539af5bbc0f14fd,0.475,0x5fd2c02689d138547b7b1b9e7d9a309d5a03edcd,0x7d8673f294f1ddc2e703a01af3205fb98a984a58

2021-10-08T22:13:00,0xc46a0009710d7c1559378a30d02f21a1f9f3528119b535c15e9578072f318c0f,0.47,0xf6c7439b601776e97c6deed8394afbf3b553eb2a,0x07c5c23c540f9d396d5cb4e6b36377f73e8ce1a9

2021-10-08T22:11:33,0x1c2df33de4a816815e4993b9a86ec707f2c43719d8f36eb788586db78ac753f3,0.44,0xe06a1df72767a38294fd3470ff25287e74787385,0x269438211b843affc5c944be4ca122ccd3ca2c92

2021-10-08T22:05:14,0x0b4b94561894088c954832a98e0dd33dce2cd45a6f3efe8ad0f0593c44bee339,0.45,0x39c05a2ec4303a7a169ac9f9a0cad47db63e2e95,0x6cc6f59f7016a83e1d7c5fad30cdd8c4cdb4aad1

2021-10-08T22:03:51,0x16c99190e637ee68f52d4011db53229f96f53f81049a2cb8becf9eee9089e3f5,0.429,0x1c5dccb380c92cf152a8d27f24c6e3cc42b59206,0x6cc6f59f7016a83e1d7c5fad30cdd8c4cdb4aad1

2021-10-08T22:02:49,0x58d32ebdd02c057467beaea2d352322bd27f99cf9da480ded7fcbc3a7d231f1d,0.42,0x61e208ceb3f80bae2b8ca1fb1eace7e29518dd9a,0x773b5337c547ce517653d35783a4f0e404ac872f

2021-10-08T21:54:52,0x857e617828bd453911bb4529e701b3c6143292595af3072393ad2351dc65afc2,0.41,0xf05633fae0f200064b12b2dfa9b17fbccd91fd81,0x9bc27a47b4413c51f884ae4e4b9170f3a0d7f742

2021-10-08T21:43:10,0xd87daade73bc23a5161cce90279be8672c32205f9f6d8316eabab31873436348,0.41,0xcedabd24f084df49a1abb56783d404c943e503db,0x19010d5d3db8658af6cec235177d475a1839a89e

2021-10-08T20:07:17,0x135db1a541c292caf72845bde4d05a76fe0f2cfe9142f3a6f311a2f7abc570cd,0.4,0xeea0382b9cc110bb7f1613bc66200513361f207a,0xbd1293983cbdc189f986bafda8cbf9f37fb30e2c

2021-10-08T19:07:37,0xf3b704ed1b2d4caaf5b27a532be01e33d8a17738a418c0312024d39df68190a9,0.4222,0x1c5dccb380c92cf152a8d27f24c6e3cc42b59206,0xbd6907023e8129c6219536c1bf2e7fb9e0ced8e1

2021-10-08T18:38:53,0xcb577ca956442f85e0a8c583cdcf3d93be1fd79b7d81d917027406c46ac439c6,0.411,0x7d544a853dbcd39a53315e7002f4951a6d2f080d,0xc6783ef814540c0b6565982febbc0fc5bcbdd1e6

2021-10-08T18:22:52,0x8cfaeec615911ac99e16cc27c87efb4c562d48654b69715c94fc3627103896c5,0.455,0x7a72610aba824163d340f63dff7515a839156b04,0x0e1c3d5357c34f5cba26d9bf6f750cba14bb2653

2021-10-08T18:05:32,0x5c16a0b46f95c2523488f8d3ab0b3e82a5ced048a337c9d24551dcfa3036aaa8,0.42,0x1ff2875cd548eeae6d22f26bae2d72a50fd143c7,0x9b8b24e3d406627984eb3782f358ac00431bd93a

2021-10-08T17:24:29,0xf70ed5067f4ffd145bad38fdc7f11c8d33451fae4da87ecd2308c70c98141487,0.44,0xadc3bb954cd0311447a507183f2902cf44f906fc,0x14c48e3214cb7826cee861d613a3eb5bd3d0a65b

2021-10-08T17:09:39,0xcc6ae0dab7855ac77ef947a31b76f5c88d66b4e05b1b116ad188ae36fdec9400,0.43,0x7260f7927a25949c15b7c4cbcf936510bf34c81b,0xd8c74902076a815a3d543688f9030037f2a494d8

2021-10-08T16:55:45,0x08da5b0c591f5fffd6e97580da05e9fd9856b0129b82a4f7153036de9b993b7e,0.44,0x0d3ada2a0e63631e1515c208998bf63ad4882cee,0x1eb7b04236b95943dcddfd2e96dbb1ba3b37f44c

2021-10-08T16:53:55,0x35739c3db2a6afc53b43d69b8e4df4cf08fb7d9264b50190efdae446a0e1688b,0.43,0xf787fdd3b872db1a8140a279b17ad93c4dfb1cf8,0x83f3dca87ee9879f5b15cfd9311e265455ec5717

2021-10-08T16:22:05,0xdb234b9f4e58628399e4b77b5fa4ad2add4be3a3e7a585d7c35523cef2358e80,0.36,0x386ff06e8f928be5ad16f7093a9381d38bdc83e3,0x8cd3bb4fbfdfee013af5ac9c46f0c22746b095af

2021-10-08T16:20:57,0xd36c6f7643389038cded7df5ab5093d4f143bedbff792231a1a6c0de026f331c,0.41,0x9f4a15e48675c16fdfa9b5e4a4cd6f315aedb24e,0x27e88a965fd9365da85a02c8f8abd536776e6b5f

2021-10-08T15:51:48,0xa6c40f209c1eea3b02f96bd20a9fbee807cc186fc685efae8a4be783e5097c47,0.499,0x4e3edee75a2807f00f3c87c1d27beafe0262db0b,0x1c11a41ba7da714a29672a0933dac0fb7452f3b3

2021-10-08T15:45:42,0xb2f29386a2b16e2f8b4f5ba7f0f275b11ffe36b00233fdef84618b9a1a26c20a,0.48,0xf395a343e9627e02669ff250ef3115625acbe58b,0x679d5162bad71990abca0f18095948c12a2756b0

2021-10-08T15:39:28,0x1572117769cecd7595dd3557f93039419d49272b52b8c12f4090d36e00704721,0.4,0x9e04ff6872df352eef3622eb842cd51b4e72230d,0x5bfdf0cfc4ade055f4aa63c31d3b2558e3a5fd80

2021-10-08T15:30:52,0x718f7bd5ddca71073d002f13e374822553b4c15c052208ef3a69e8653cc3300d,0.49,0x6b32ae7f5db70749543ce0cd4932abbc501a7f6f,0x703b244ee82ef3ba949160197c343b48e5d04908

2021-10-08T14:58:43,0x2043afe546ff9a51d4b5502e3d80ac7ca2207f890cddac0db11045d398e433c5,0.49,0x1d9600ce69a79f955f0a899f37fa1c31476e6ef7,0xaff1bf27f0ae7ce8ac0b7d3ec7638933ede0194e

2021-10-08T14:28:14,0xf48bf4109362ce9dcd2db359e2185a0abce6763d36f10d7a7eb1041f0c2380e0,0.5,0xe8e84ec3116659067ac8a95acc56415ca42a7e57,0xb6cf854a99af844a29d92f57b8e1cef1dcaf3a6e

2021-10-08T14:16:24,0x38d5e9a13d0bd289a4d71f9ba3cdc3fcbc95b2a93199f71631de215c7592bb43,0.4,0x1c5dccb380c92cf152a8d27f24c6e3cc42b59206,0xea39c551834d07ee2ee87f1ceff843c308e089af

2021-10-08T13:16:15,0xdc909608f81bbe9f43de9eb8fc9e759743065170109152dd554f33ab8c9c9965,0.75,0xf490a981508b7fecb25e9c5c5d12aed78a620181,0xa91ccc510ea95164920e6879d58af3a97c68fc3c

2021-10-08T13:05:09,0xa0ff85592d6d65de7c32a20f444fec9ee2be4c01f2f142f10356a313d552d01f,0.698,0x156306d98b426521573e4789f3de09850b03d309,0xcf2834dec5bac5c86545cd928403c512a7cf45e0

2021-10-08T13:02:22,0xa672f8a9d8ef407637a263c6b54d7d209a3fffddcd71a8419679db573ca240fd,0.55,0x28c3bfe0cfe3f10cf0135da5de9896571ef5dda5,0xe91cbc483a8fda6bc377ad8b8c717f386a93d349

2021-10-08T13:00:51,0x2bdecd43159d43a153202cdf8bededcde35fd4a87264b1b0e17db020b57500aa,0.5,0x10e7644e76dad3684c65946afa762f1d2ff098cd,0x299eae71c3ad6016caecbcf19530cd8828b6fe63

2021-10-08T12:58:00,0x529b4be72776b6f766e1d10f43a5eaa3145f1a68b859ab7eba7dc62f6541fbbb,0.5,0x58dc53f7175fdd30c70ab5717c6e91edd8aed017,0x589668303d20bf9d820a3836658a4960475fdaa4

2021-10-08T12:54:19,0x36e188ad53fae0a3b7e4d60730f5401aedf13210d5c5f8a5321ab2b3f468b14c,0.5,0xdf2b2c1df64d58839320a07907d4181f336a737e,0x1bd7e95c3a5cc69213c205bec4487e2d95008fda

2021-10-08T12:51:14,0x879d0f9c893f7669f4dbbdaf142427690d0be56a6c65fef37e9e25ffd986b679,0.5,0xab58f3de07fb3455d218438a99d69b3f06f23c49,0x98ebe50444e9a6b81f658d87d0eddb08c02c624e

2021-10-08T12:50:21,0xa73f00a1066a0453b9d265e6e2a32f6c1b0de6f8aade2d5b72d63fd48b89abdc,0.5,0x7b9dbe2aa1df8a11ae5fd46f2b4d36ec0a4f3dce,0x750a31fa07184caf87b6cce251d2f0d7928badde

2021-10-08T12:49:39,0x7e1626be6a2efbf59194ada5a30243436fbfcaf425ce30df575d0514d1287c05,0.45,0x456038cf9e9cedd746f8419b5f2f49b6dafd8159,0x195d0b13f77091240a65418d6de2434c1c6762c2

2021-10-08T12:46:24,0x72eba0b3b646e01dd2679240fa34ce84fb6685c0d535569e6b6088f54f6129be,0.495,0xc6783ef814540c0b6565982febbc0fc5bcbdd1e6,0x299eae71c3ad6016caecbcf19530cd8828b6fe63

2021-10-08T12:25:58,0x1017935cd02e22d2c1d66ef9a24b1a7b2ff3b0265b2eece8e1a94f055af2883f,0.45,0x44fc4e479ee04b32982315fb977fb7126b79a52a,0x95425e5abb5cece0c5653dd77be02b7913e53488

2021-10-08T12:23:48,0x1f0c9b336e00dd1e54f9d1f851bd99c1718fc75bab316155e653c72abecaf8d2,0.494,0x021c99d058ed215369e993d4e68b14e5321f2197,0x8b501a6090fd3c6b905b1a0099e2e216a5a2d40d

2021-10-08T12:18:29,0x3206c8f71601d1a183605b66a2a5a2e90be6246fe1ae27ca2e3829887c1a36eb,0.476,0x5928e093728b53a5ec97c6f06cdcebc23e896dc0,0x05a8810bf69a6d9496497a364f1e21e855187f95

2021-10-08T12:14:43,0x6956b1dcc5b290c695ab9a3496033bd41591dd801eecc9f44719e65726b3d8f3,0.489,0xa496b117694823fedc9254f7ff0d723d015f24c4,0xcafebabe86cbb8534134d96f746dccefcfe3babe

2021-10-08T12:10:42,0x46eebe4881e0af52ce03f584bff319b746a0d934e49d055f30a01fb96b30ab47,0.48,0x3209ef1116affca49d3a3f646f5921e9224d0424,0x750a31fa07184caf87b6cce251d2f0d7928badde

2021-10-08T11:53:15,0x04200a99bb864a948af24fc7aabb4904e589405deb27fdebddf2a73230191662,0.4888,0xed2a45611b967df5647a17dfeaa0dec40806de54,0xcafebabe86cbb8534134d96f746dccefcfe3babe

2021-10-08T11:46:51,0x727aefe1817a8c58de6675bf98bed43165714e07338b409cfb9f8cc796279fc7,0.475,0x4fb160c83362801a5ea6ba4833a75cc49e86340a,0xdd11909d57081842b2b9f6d7c760859b6eebbaca

2021-10-08T11:05:22,0x93eb176250389fb6c806efa06caab5bccc8ae2003f23bb2fd1812e4202121baf,0.481,0x962940c849c356ed8b5b75917ddf520b813f4e36,0x81c2eee2902eda6db28a448d8a814f221718ba2d

2021-10-08T10:50:47,0x518517030c21cd2dccd22917469c7eb0c3f02d9f1cf4023c8428d40c09c6d3d3,0.483,0xf0e60ce560a7d7226369940e168bf00abd675467,0x222e859cb744eba5dcaf5224f52b69cb1bd72456

2021-10-08T10:32:06,0x91143164cb3a09290f7fcee53d343f785dca2b6e32837fab8de9984803390e6b,0.485,0x23c1cc61256486871e44f1f4e630e4dacddaddd3,0x05d583d909aa9f2b6a72305aac11cb4690c74c78

2021-10-08T10:13:32,0xb524e1101b86816470a2783aff6ab7f4fca6fd97793889a8b251021811318338,0.49,0x10a2dfb788a57587e6dead219fb2829b8ead9d7b,0x49b968bb3ee23671c66b3382f4d8ab0239903adb

2021-10-08T10:07:52,0x073e78dceae44c75f759c0dcaf737fef9767f2b88250fa28956044de97d19994,0.4,0xa74e4c472cb95028636081ecf1a2ee3c90372ace,0xd3236dcc5589c2e850491aa02121da43398bbaf3

2021-10-08T09:56:14,0x3033c91a484f1d24b32f6c4f9208e8aae9ccc11682889aafe58552eb7471b524,0.4,0xf5adbba0c9c6d57b0c34fae0563767c4bde5ca22,0x962940c849c356ed8b5b75917ddf520b813f4e36

2021-10-08T09:54:20,0x79e31713f818cd0b4371fabeff7c904c6dd8fef1e41410a92100144bd135818f,0.39,0x918a072bcd328252e6c97266451cd077ad2b1ca2,0x0e5a1d84ed69067c078596bc6a17452425b005f1

2021-10-08T09:51:12,0x5ae935025aa831a55117e8cd7e13f6821b32bfdbe5722d12788625844db70028,0.37,0x538df212def9d27b646b733cb267a69cbe1b77ad,0x7c0788221b84c1865e87bb012cc69ebaa2e2e461

2021-10-08T09:50:29,0xe93219e186f85636f8d0f585034f60d0cf0e679eab1a3ba435fd9813d6d4d26f,0.37,0x69c0e38b72b7ea3daa6f8c519e7b6e5f6754fd74,0x4130be64f8c3d6f14fdcb2f0fcee6d0fed8defea

2021-10-08T09:34:23,0xbc965976c38fe4e4c81d991e4dfc713e6556ea6c4d7b6aff8b08d99d6c2d1b0d,0.36,0x90ad1d203126b5ef7ab1b6c41eaf4e7b9c73554c,0x6590b3665a6d0e9e767a410291ac5c5665416e5b

2021-10-08T09:23:19,0x5a3792ed29ebae94768840a2a5762115c485e79da012eeaaebe0177e93428842,0.21,0xab58f3de07fb3455d218438a99d69b3f06f23c49,0xfe410c82a226fe37f34337c3affb9413d13bbdf5

2021-10-08T09:21:53,0x0668c7d85f71ea7be90251fd942574bccc54553db5a0cae1e1067907a8c419dd,0.333,0xc6783ef814540c0b6565982febbc0fc5bcbdd1e6,0xd751d6c31031538975b473e34a66e6f88f8a5f0b

2021-10-08T09:07:58,0x9216dd16819abe26ce27ad7d9cdeb6ecdd3e9dbb3b974b0161b6227bb20d5fa9,0.32,0xc6783ef814540c0b6565982febbc0fc5bcbdd1e6,0x07cbd4e4473140b6078aa987907aaff5e500b9f1

2021-10-08T08:54:10,0x2e4c97435dbdcaaa0a295966ed8c5954da7fef255c0744def24ed0f74e72f65e,0.3188,0x4d6afe95850212a15ff41038c3d836a81a11cd10,0xb02827a00bacec4c80b07fbe91968db0662beee6

2021-10-08T08:51:57,0xebd8c702776b8a9b4e1357818cab7a130d29b1012098212982d25c4e6006adc5,0.317,0x962940c849c356ed8b5b75917ddf520b813f4e36,0x3753fa57980fd180655c281158e428ca994d6dfa

2021-10-08T07:54:20,0x998d767953fdeb39e3f8ad64d58993b5b65509d7f2ceba81516bde8953f732cc,0.21,0x49e7a70f622bfaa30145815b3fd7df7faac747eb,0x4e3edee75a2807f00f3c87c1d27beafe0262db0b

2021-10-08T07:51:46,0x9d4b048953c873b8a5b13df588cdf3f13ddf624cdd2bf33e97a6ae08335b41bf,0.255,0xa34b23d7adf9490bdd754a1cbef01e8d9510710b,0x538df212def9d27b646b733cb267a69cbe1b77ad

2021-10-08T07:49:58,0xd7a3f22d9c3f99efbf04c5318ac55e6e93b0a9f08fbaa49dfa7c1a9cf36c96df,0.26,0x3ee1c068fc9653489a5d03ab925047efeeb4bc26,0x4e3edee75a2807f00f3c87c1d27beafe0262db0b

2021-10-08T07:42:49,0x8b42abd02449dcded29ce84e164959366fa18474962198f7ee35301e427c6e1a,0.3,0xcfeef71ef5e0374306fba281c5978a4c70cd8207,0x52ac677e23fe40e6bd8ad13e976137b7753171dc

2021-10-08T07:34:01,0xc03ec702408cf7b41e8f6352c7d86e1b4cb2b3605c2daa9ebb45a0ec409983c6,0.31,0x25264f2c3481603d5793bc493cc40a06aee6a761,0xa3c5c975610149ea976e65abfffa5584cd00c177

2021-10-08T07:08:45,0xb9683c82659583faad6adb2e2254d8b33c826588991f6836fe5ab3772640194d,0.35,0x4e626e64b44a9f299da9cb006320297f870a8397,0xf490a981508b7fecb25e9c5c5d12aed78a620181

2021-10-08T07:05:06,0x99c790557a8170b6f3da665bd25119c672b376fa33e98b436abe3c9471f29715,0.37,0xc4b0d0a7717905d342926958453e0654806850bb,0xf9c11707d1f5fe2b7f4c82b2772543f2c4ef165a

2021-10-08T06:59:34,0x2df3f6e6b714540570e79e1c7850181ed7883c90937d13ff48e240d46fc975af,0.4,0x6d7e93dc6d159bdac80955ba90b40adbf3af2bc7,0x5438f01ebba17c7ee279af990d0a8a02267833e4

2021-10-08T06:48:45,0x0b9c00fdefecd874f101589617802db68e79df192f1f261f97503b7acfc35a4a,0.59,0xc4b0d0a7717905d342926958453e0654806850bb,0x6d8dec3fd68d94a7189a98346ea52b4d32e00012

2021-10-08T06:45:03,0xa6ad596814babdad3e6842cb22d2c86308a9f0204ef68fb135ca310dd1645fe8,0.65,0xf9c11707d1f5fe2b7f4c82b2772543f2c4ef165a,0x649f69ccd077da03dfb11f4b1daab4b625f5e9a3

2021-10-08T06:39:05,0x72e119c96c5b91442df82bd28f45b8481a6910ba033b810366592be681353730,0.35,0xc4b0d0a7717905d342926958453e0654806850bb,0xf9c11707d1f5fe2b7f4c82b2772543f2c4ef165a

2021-10-08T06:33:19,0xa46ec73d53fd0a9c4e3b196b06a3bbbdc2ffd0b06dff673b4b9bcd06d318af0d,0.45,0xc4b0d0a7717905d342926958453e0654806850bb,0x5b6a8b298daba526ecb7f51a517df1fc26098327

2021-10-08T06:23:53,0xd05b52bf0ec79a139a9582e492785892a9154b92c925e8b3de4abcd2f6a057a4,0.5,0x4e7875491ec4764004740d8f579d8159b74e9621,0x3e64014d2d3f0c3a3b0404110cea9060b4565e61

2021-10-08T06:16:16,0x754e4fa9d56b4a04044682c21d40a50617d264d217894166cf844cd5a3f624ff,0.31,0x0af691f5533c2d1fbeca5cb86705307f225f8bd3,0x4e3edee75a2807f00f3c87c1d27beafe0262db0b

2021-10-08T06:00:21,0x57d3a6be5ae1d103f165ad8ca506532bcc4d0cbcd44ec76be3d3557c3bd6f4e1,0.25,0x8466408330ac793c2c7051f0403154b2166d8f47,0xda641f45869f9c8697be0057a4093678b06bc4f3

