2022-10-14T20:18:47,0x8cf102a8bdf35e1f896720d5dbe34a51e88138a28e7df0723ac12bd9c10a1d8c,1.507,0xa8d67e13ac97cba918decdcd78f71fca8ab2d1a8,0xf9d57e1402676e7074048a470632c624801e629d

2022-10-04T01:39:59,0xf9049154beec613733caaf0cd2866d6dff2da4f7d79e459645276bf08b0f6b89,3.33,0xfece01122bfe9452ae84485c64cd8e6aa59f3bdb,0x21f80ee92bd4780fab8204df8680061124c0acdb

2022-09-30T03:06:23,0x0d750bd671f4536cd8f3ceeba79570fcd12fa38ab0f01a0eb40c5a7248ffcf10,3.0,0x5c68ad9a61235e8d30446c5c42818536c7df4824,0xc1871e12d132c37196e4d9c69beaa5c660576065

2022-09-26T19:13:23,0xdc8887ddbba50a1fd90dd532cc77756846423b1484f4d39e95b316c954ffcbee,3.1,0x2984794cbc5ac89dca755f481d9566a30b0325f9,0x82164569ee6b43312351c9c346872a1a007cadd4

2022-09-21T17:15:11,0xc091239ec9e6389b610c822482ad90fb41f4cdd5690adff38adadaeb6ac7e2e3,2.269,0x89688542873276cd7d9cea936b25f37778a593fd,0x680aaee78f3cdb9893d4d8b89b3eed9745c04904

2022-09-19T15:53:11,0xea4fb7eaf77812be3f40839c508af94bfc8a77452142e25ebaf23e2a09a6c514,3.5,0x3384ea46947a937a7567cd2d4cd629975f365ec6,0x2e9a18d66f2fc535497cfb395d7f1bcb6746e582

2022-09-19T03:31:35,0x96439491a6bacfc50a69cd76db2303802af0dabaa13dd91d1ed6adbc922e9888,3.5,0x13aff6b6d6ad092e8d552af8fbde6203770ad0eb,0xf0592d811a72eb64d5616a0a83fabcdbc2fa0015

2022-09-14T16:53:42,0xb2bc7c3356f3deca9daa3e0bc9639c826df312bbb43dd57f85b56ce213944910,3.0,0x3546bd99767246c358ff1497f1580c8365b25ac8,0xb88b5651b3b34628b0be073055dd0cdbb2677df3

2022-09-13T21:52:49,0x42400bc0f88b3cc729cf742d881e0683da759b4e95fcad48fad5b8ce4cab4b17,3.4,0xd0bc1f46e3f2dadbbd66b1c557caafa52a1dba81,0x8ad272ac86c6c88683d9a60eb8ed57e6c304bb0c

2022-09-08T03:45:17,0x496d26f8c00610a2dac8247038604e74de69e872d54d40fe455c315ddc91f657,3.2,0x7c0788221b84c1865e87bb012cc69ebaa2e2e461,0xf0592d811a72eb64d5616a0a83fabcdbc2fa0015

2022-09-08T03:43:56,0x6d66e1beb794da503f987acde0387665814be743998e290454e963ee55c2d207,3.0,0x64932f86d69f2717307f41b4c6b8198000583c63,0xf0592d811a72eb64d5616a0a83fabcdbc2fa0015

2022-09-05T19:44:05,0xbc5d7511dfd68bb00ab60ca83fc7f7c9d4bd6e1e93a45256fe0985c9f47cfb05,2.8,0x4402d246407348ff65392dcd4d6d4996b4d22f6c,0xfb3a6a7858b5ed1f51d591446f0b643e970f777b

2022-09-02T02:07:17,0xb174b799ebe94bf64b099ddc40134cd366a9a335b9b67bcd43cd84801ff3fab1,3.0,0xfece01122bfe9452ae84485c64cd8e6aa59f3bdb,0x27e88a965fd9365da85a02c8f8abd536776e6b5f

2022-08-31T16:32:51,0x1b5b3809c96b03e78f3ab4a1009f101b4ae789c4541cf4446d3fd7d14ba4181e,3.18,0xe264fe0e90a2e721780999cfc3c86ef4b1afe18e,0x199a13066e172a20e698141ad0aca4b94899ac96

2022-08-23T02:10:55,0xfb3c31f20e2f58e00e9781ad72fc753767c6f7c51e951c78fa2bfef30996adcf,3.73,0x17e31bf839acb700e0f584797574a2c1fde46d0b,0x09fde2eda4d2bc32171ff41d7a7345ca3acd8c74

2022-08-22T20:31:27,0x0fb90c4754dea1e51fbfd24314da64a74398c2ab8808e2cda83726d336850520,2.9,0x0c3699715de1739ef5a8a0f3a667a7092ee7e0b4,0x4e2e67836d10b02b1dce78591af6dfd1e2d7bcba

2022-08-21T07:19:42,0x6a5b16c148ee09fb73889cfde731e895e4c10aceca8fcb06520c55da6edf7386,2.8,0xa8e705b1fa3850e41f2d2766b14ba3032ab16ab1,0x88aba877cce7892eed2cb3cdfbafd58b8a9d2ef0

2022-08-11T06:04:36,0x658afb353ff6b2d7ed0ce64edc4b37a1a0a164423a979e15177525ad4f6bca33,3.05,0x31e4a3ef430a729a133483ac783963ce41ceda3e,0xc92a13fa4c59f5349b4d45e8667547d8419f0906

2022-08-09T15:04:21,0xf0f091f2a0665f90966e7592b952e12fabe45c43ffc765c5c967ff1e8ebc5773,4.5,0x23819f5596942e3098e1f924445eabcc79f7a40b,0x6b412d6fb24d6f0a17641afde687d5171839db75

2022-08-07T16:24:35,0x037341aee62a5fa20235454bd8128ce8e48874ec06ca20f7cdae60877cc1dd9a,4.3,0x07549b512025d0cd6cf1a3a85d6e0525a2e3e422,0x95e8bc9704ed8dabce0fc899eeb1aaad13747b16

2022-08-07T02:21:58,0x7cb773fded984d2b6f6ea5ec5f99b02a114d8ce08a2b08e87fa70957723fa4c8,3.48,0x3febb7a93aa9865c7bc1ae14dcc94ff0a7132d46,0x080f38b27f1a1e5be2bd0f48b490612e384c30a1

2022-08-06T23:22:06,0xf1af75c98c2fcfa29e48a7bf4ba0797f5389fabc9364d3b576adfd75bede6319,2.9,0xa5b17ef8bfbb9a1e9c55a5c21c52f50a9d9fee6a,0x0f711051b832d71e16d3e6727f636d5e460ded68

2022-08-05T05:45:24,0xc03f15bf48a5a1381133d1dcd919d5e7bb20c2b06ef30c46a37eef5ff8ed947d,3.0,0x88aba877cce7892eed2cb3cdfbafd58b8a9d2ef0,0x3831d812f87814b2203615d1bf1a647d1c1816c5

2022-08-05T04:13:03,0x55df0a313de0750baeb06d296eb8fdde3ed753e062938e39a7c8a3bc6210b7c2,3.2,0xef6ea7964a11d9fb09ec1298586e733b303b2f4d,0x42c80ea1fa7b79cd566b42c12bc8d48424f6fc12

2022-08-05T00:19:47,0xcc6ee585fd969344a5b4d8b5a7bddce87209262bc5e32bacd2a8c7527916510c,3.0,0x91fe962591272a1a4815998e3f649ae6980aec5c,0x734f178ab4a2ef9ccb46c4ce6acdff691b865909

2022-08-04T13:50:29,0xde78426c8edb48c9d3764f69d36d0f0b9a20eab4b8ea39e45a7d1e9cd2ec1e93,5.95,0xa6cbbb8a01f857f51a7aee48921afa8b2aa4acbe,0x19d41c96fe9b9dd66e474d96cc5f8b566aaab6d7

2022-08-02T21:46:48,0xc2e924eed8aa5b0e82ff11ad59a348181329eaad014515b345a8af64cfbc4832,4.8,0x129551cf72217561d02679c0ad7a9810d525b605,0x419d8dcd1bedcd2b843a6987515b986a67a58088

2022-08-02T21:20:44,0x5595a0b43aeed657108ae024164406ba862c7a67270554a0439fb55b81bd12ee,4.0,0xed690606f908361c26bd2b1ad4fa31ed201dca4c,0x541ebafe188547a9d8299d897db0c71d2e0011bc

2022-07-30T04:39:03,0x3196efb271fa2cfa22fa8738ee912a308655571f3f3d4a863f818bed095b1678,4.5,0x28335276026bf160a4c2e8e03703a7fec024e731,0xf5133fa7c54ff2e2cbd36d18aeb8923e3a829d2e

2022-07-29T22:21:39,0xe482a683aac024601e44cbb171b3de2cd5280bc9a4853b093d99606d71fc66dd,4.99,0x050ee024a0ffd8b9bd383271835b27dd66c3fec3,0xfc9dd877930e9799beb663523bd31eefe3c99597

2022-07-29T19:28:44,0xd48f1fdf084f6769331f30dd7c3fe94ffce5adc454ca40618677fd18acaef0f7,4.99,0x050ee024a0ffd8b9bd383271835b27dd66c3fec3,0x909032a186fbcf3e8c90f1c1d772e8e64c29c986

2022-07-25T22:06:28,0x55dac8ed5aa7658faa66a4a96bca601456070747966583b77302538eee55624c,4.5,0xd5ffcabf2ba93b4c30698b0398dfbf1af3163a61,0xa8eb4ee8087892b8349bbea3d6d99e6040628652

2022-07-22T07:58:16,0x8d9a55db2737cf9d0f9881de4c2f8bad439fe3ff5fb657da3316fe6419247740,6.0,0x881eb6fd0b49b90edb2cd42263311db50bc07465,0x66362b929c1a9aaf14c51aab9b455ad7fb8268c4

2022-07-21T09:24:50,0x938cf2cc8b59aef3d1544c62cc65cecac7e37dc0b886f52c7765ab3f9b159c0b,6.69,0xaa07940ea29224d6e4dd3123f31c46d45fc78669,0xe701f29d272648f2687be62ad91d9672713b3948

2022-07-19T13:08:25,0x43788adff9abb99d7afc26b77e0ed8c8ae9efe921b8f9445b4d264f9cc450d00,5.0,0x2f57ab3ac31f4113d465379f423539441d177dd2,0xa8eb4ee8087892b8349bbea3d6d99e6040628652

2022-07-17T05:34:57,0x9c748d088d664e07322b3bc8c8f7adc2398528c1db6cfaa1cc842b0eeedbc006,8.69,0x0dd41212ef20f000acdd4ad19ee46ca37cad432f,0x81269781e647eb0843dc3a8febc55a38ce69b4eb

2022-07-15T03:02:43,0xbd3905ed24fe4cd9deb949c6f63a826a673b6b18d8147fb9c5e04c2af39f9c9e,6.5,0xa7dd3f077a9c8204b120eb50aedb27a823f0a644,0xa6cbbb8a01f857f51a7aee48921afa8b2aa4acbe

2022-07-15T03:01:38,0x32f276616eb615099b455ee92954a9535bd96646a7c55d536269b99d6afa7f9c,6.49,0xa7758394d8f7fd23b0d9f13e02427b514687394b,0xfe8201ce69a82dea64e633ec37b0b719ed316402

2022-07-15T02:15:07,0xeef5fd9e763a275667b0ccede55a0f3726e7c428414a3cc26d683898d7c79a40,6.09,0x83b5654564caee5c8e86a314b4e62330db99ce16,0xa5b17ef8bfbb9a1e9c55a5c21c52f50a9d9fee6a

2022-07-08T13:51:26,0x94f0bd0bc0917826476ad7008a09de82824638df9569d6d3834d7f88ccbafdd4,4.5,0x5e59ac40c4d661e55a97c317a5002bf6d9e7109c,0x3ec12480b617391ebec062d6117d47873d8f39ed

2022-07-05T20:29:14,0x2178a3a946b18a41601edc99292c25c49a4766935e1a66d3e220105c16821976,4.69,0xfd7228246347409e97498753c944a912c347ea44,0x2231cb0f8812185e29eb9366ab152d792b6598f5

2022-06-18T15:30:06,0x928d752d5817b8023abfa2afdc1f7521bc1863242f01b1ba15cbf43fa06a895d,4.0,0x012e75604e0f32e4033d69a4691657998b569c43,0xfc9861c74ec615f4bb6c68de02b9d9930f0322ac

2022-06-16T16:42:10,0x5e20a427b1209d52510d062e7afbf964c881eb2f95fb9cf9b86cfdda4594841d,4.5,0xfac13aa104b172f2be3f6eb1a9548fe3bf1c818e,0x5fc97b4358afc69565e2d120ca61e46a2e89e82b

2022-06-12T04:21:14,0x81913dc79739f46dc562e47c1dbb89a8f7ddb436b45138784b060b2b69beb082,3.5,0xb7b2f5a39ad7de2dd74db4b46dfe18b37a1dc9f1,0x8566e948ccaf28e88e0d1f5d1555e9e16be03f2c

2022-06-06T07:17:38,0x2b68e6e002cf2ad67ae1ca001b796542736853b27c3680165a450c8c2d81a90a,4.7,0xa9d9df8013b7cf2bce0dd5ed8f34f468cdddf28a,0x657540ae03d196f8e8c29ba5e86890c02fc18ef2

2022-06-05T08:03:36,0xb271c445a45c6ed8a45c8db81bb2973cdbbe22bc9ba485f2333f538304073098,4.0,0x679d5162bad71990abca0f18095948c12a2756b0,0x909032a186fbcf3e8c90f1c1d772e8e64c29c986

2022-06-02T19:41:06,0x0dd592dbb186360b8e0821a31a77107b7e7e3dce74fa2a03c0ba3d5f7ca73dbd,4.1,0xfd7228246347409e97498753c944a912c347ea44,0x7ca8e6b21de829c094f44ff9b410ca8e5524484f

2022-06-02T19:41:06,0x7bdb579cc9ed0bab31677c1d6e8017a37a75de1a9e385dec177d068a108fd5b3,4.02,0x0e5a1d84ed69067c078596bc6a17452425b005f1,0x7ca8e6b21de829c094f44ff9b410ca8e5524484f

2022-06-02T18:18:40,0x76afd07401eed1f89be342da4bf24a53839f94e01a0106599ac51eac0f01b1b3,4.0,0xc3d2a46894cbab35b8fc2c1613f91cc76fdd3419,0x3384ea46947a937a7567cd2d4cd629975f365ec6

2022-06-02T06:19:02,0x7c67b634db4339059640179c25e9f17a94383f9111065e5c20c14dbabb62e998,4.0,0x75e1bec21ad7c4e94cc4512d876e52f0b7293820,0xdf0e6350da24ebdbe05fd800b37500a87fee030b

2022-05-31T21:38:29,0x30dded74caaccded347d171d868f557371aec59ec28c3fc7537cbb4276896c3a,3.5896,0xc6783ef814540c0b6565982febbc0fc5bcbdd1e6,0x5674eb7299d81c603732eb9e68805f8135a9ab91

2022-05-27T21:29:53,0x516c48f889edd9657bd7a7d537fb883149322ba7a6ec21348760073d4118eee4,4.5,0xcc5dff8c6ca0a68a49673a8c149e728ae4667678,0x697da3c2e359cc940e8ff63453f8e68e2ff5ff90

2022-05-21T17:23:06,0x25e88daf51030cf05b474c03a599564027beb903a55a890ce859fba711fd2404,5.0,0x4298e663517593284ad4fe199b21815bd48a9969,0x62dc25e56c6001156058ba139ee52cf7ec1f3687

2022-05-21T05:01:44,0x5216ec50a6db6a4bd0fc84f85dbcbec340c7ce57b5295e23c2b0edeaa2f529e9,4.0,0x0643bd6a87e525e609ed139e61ee0342a296d009,0x6746efecd6ffded8c6e9d0c1e7a7535163194741

2022-05-18T17:25:56,0xe2382bbf1f334b8c307c177e7f2baa4efbeff71289f2c48cca3b751c823c9163,4.0,0xb9f1f193c8dab4f4b1cfdeaacbd00299a4c54694,0x2726b9c2638f64aa6d712298200ed60ae49fe159

2022-05-18T14:58:20,0xba2728d9bcd209f210a5398743f8f169615f0fe112aba56b82b0b4e0372158e7,4.1,0x28bfc896096cdd1d5c8d49b534af22225f8fd9e9,0xa9d9df8013b7cf2bce0dd5ed8f34f468cdddf28a

2022-05-17T13:09:05,0xf4f1d7952712e7f7f635bfc520a2d4f4cee6106930a19774ac8617270005a449,4.0,0x2e90606d7c5f13bbabd54188c9c84f58ab400570,0x3d1f257fbea553d73b8b4672874c5685a289d56f

2022-05-16T12:36:23,0x0eff924b82a06cfd6799c63ab4233e2cd4a5d3210175a8aad5f46456e0c6a132,4.5,0xd5ffcabf2ba93b4c30698b0398dfbf1af3163a61,0xd5c544e7fd5e2b6b87feb962cc1e61a6f85db070

2022-05-14T20:12:40,0x05500fa6e8ccbe3831a791447524e7566b16984f427602bda9316170a2e4bf21,6.5,0x13a7d2fb3f73b57ef539c35c4ec59ed49b1833ca,0x4402d246407348ff65392dcd4d6d4996b4d22f6c

2022-05-13T10:05:24,0x7ecea4329deec19ef17bc4f5f3964f2338f734130f96a872c0d7e320f20db9ab,7.5,0xb235b4cc9e43a014a7b770c765ea3843e2d38675,0x8fe9c787995d12b6ef3a9448aa944593dac93c6c

2022-05-12T23:47:26,0x4fd1c03578e5928b30df9cea8d0a2818750f8f44b1a8e7b6e6f9b3131fc94e32,5.2,0x2c2cd2298d3b1f5bce37f4e49b169da45746b49e,0x0dd41212ef20f000acdd4ad19ee46ca37cad432f

2022-05-11T05:30:50,0xddc87551c96b866d82f8ff1e77efc831a177398e45996c39760531b3f4a5cae0,5.48,0xddf767f258adf0af89896621349cadcf8722f771,0x0643bd6a87e525e609ed139e61ee0342a296d009

2022-05-07T17:53:28,0x5916d5fe70a240624e777295dc2da62822aeecc263fef8f3db3de1e377f0d5c9,7.65,0xe00f8929d05fe81c2ad5e81bf422181abeb3d06f,0xae703232092dcd960c2c9fcfaba7a7ad8f5137a2

2022-05-06T07:11:08,0x3beac6ec93b2f2b8148ae6e23681707c9e539f5546ae41c69b0a8ab5b07cafb5,7.99,0x16722731f337609fc2554bb606170427b6456a51,0xfd2de01071195cbd297b1dc3f5ee3d1eee7e2fc3

2022-05-06T05:26:45,0x51833c0fd184c1b5fa9e70efeb8ac2f47d71793cb456871cf3adadb3624f712b,7.99,0x07ea7aa7a752c8076a04346815ac80887422a191,0xb2aa2f1f8e93e79713d92cea9ffce9a40af9c82d

2022-05-04T10:29:13,0x35d2ba92590eea01f0b62bd907ae76ff653b1f104e4baf6be60582cdbbd25814,9.45,0xfd7228246347409e97498753c944a912c347ea44,0xf8c9cf133252a1a0b2c4b527381eaa94eaef62a6

2022-05-04T10:21:20,0xe2e563af8bb22e2a6bf6bad31f829b517ee0e47a970fbaf4e6b41b6bd32f0256,7.1,0x6e0d3da6858ade8063da01a9dd90e04ecaf54355,0xf8c9cf133252a1a0b2c4b527381eaa94eaef62a6

2022-05-04T03:56:26,0x5b2ed05f30dcf536dd0228aa192667d0673a60d9344cb6a1d3ffe3d7ff08719a,7.0,0xf606719e6e4ac5f184e702e207de3840a9c66374,0x2af4b707e1dce8fc345f38cfeeaa2421e54976d5

2022-05-03T19:15:56,0x9caa1d7d4d724e802df8b955498528cf4b2f290f42f95cf09ad769498ea44bda,6.9,0xd7e228b7eb0c727706d5955c4c518cb10a3e7a19,0x1e24bab057a9f8ccfe9ead0635f72d30cf194a4f

2022-05-03T06:18:52,0xf04b1f37070273d89820186afab0042261a2db206eefecbb1616a26dbc99a45e,9.5,0x2ba77503ba95cda28a4015c73ec88b60516fb91d,0x1058eb5261010d18cc8dc770637cba2ac164f31a

2022-04-30T10:22:37,0x82fffaf100b289866f610699c4caec92246f84ec9f62971f606ea638ab438eb0,8.75,0x118b45c38cedd1a2ecd369c6999a1c6dc961a5d5,0xe1a83c678e6ca74f779de0507408ce368a026ee9

2022-04-28T13:56:54,0x81915b6e665ae619a33409a519b4288766723272c8b7dd5d17bf206b8e2d7854,7.0,0x541ebafe188547a9d8299d897db0c71d2e0011bc,0xeb11f192e91e2d4abff199b58222c89472584bf4

2022-04-28T08:52:23,0xc017608d9a62d355c7c9cc3120b5e629af169bd46b0d0148266448281d2262d0,7.0,0x444dd5f2c4813031c0047128283b0895d5db0d06,0x3f80045d3126d79e0ed7ba8f4a95ff72a54595fe

2022-04-25T17:27:01,0x9ed537b21e7b20c22e9a676167eb9e485398e1b8ef6256c43c4b853b093bf3a8,7.0,0xb281e92076aeb49f6be7cdaa4281640873c84d02,0xfece01122bfe9452ae84485c64cd8e6aa59f3bdb

2022-04-24T19:39:47,0xfb1d639d4b3089b8b4a6f62d9594072d60838ceef3b8d09de5d78c20d2382285,25.0,0x9ca9cc7fc52d0ee668bf695dfd2e3a66829b3ffe,0x4cd3a35ee7eec89ae168180ea4d0fb6cf8b2c72e

2022-04-24T19:39:47,0xfb1d639d4b3089b8b4a6f62d9594072d60838ceef3b8d09de5d78c20d2382285,22.74,0x419d8dcd1bedcd2b843a6987515b986a67a58088,0x4cd3a35ee7eec89ae168180ea4d0fb6cf8b2c72e

2022-04-24T19:39:47,0xfb1d639d4b3089b8b4a6f62d9594072d60838ceef3b8d09de5d78c20d2382285,9.99,0xfece01122bfe9452ae84485c64cd8e6aa59f3bdb,0x4cd3a35ee7eec89ae168180ea4d0fb6cf8b2c72e

2022-04-24T19:39:47,0xfb1d639d4b3089b8b4a6f62d9594072d60838ceef3b8d09de5d78c20d2382285,6.9,0x14c48e3214cb7826cee861d613a3eb5bd3d0a65b,0x4cd3a35ee7eec89ae168180ea4d0fb6cf8b2c72e

2022-04-24T19:39:47,0xfb1d639d4b3089b8b4a6f62d9594072d60838ceef3b8d09de5d78c20d2382285,6.0,0x6d8dec3fd68d94a7189a98346ea52b4d32e00012,0x4cd3a35ee7eec89ae168180ea4d0fb6cf8b2c72e

2022-04-24T18:41:18,0x7cdb054437e0c5f6713738600b3838bce1857abb5aefab889a6f01b938a3a8c1,5.88,0xf5dcb2a47f738d8ba39f9fa2ddc7592f268a262a,0x23819f5596942e3098e1f924445eabcc79f7a40b

2022-04-24T18:35:47,0x674c512c0bbdedc8d6510a786f0d789d3bce570f172e38717a6e962cd28b5ade,5.8,0x462a7c08f7f6dd914f913cd82b4d5f16d1aa350c,0x5b049c3bef543a181a720dcc6febc9afdab5d377

2022-04-24T18:34:44,0xd33de8a85fd0b028624e5cf3f247947dbbf07a5d822b42e3ba4662ea13245bd7,5.5,0x3e0543dd5ac2d77499bf75981eea5fa139bd077a,0x5b049c3bef543a181a720dcc6febc9afdab5d377

2022-04-24T18:30:42,0x46eae38a53a4e72e2bc7af7814934f499b53898503a0281504c6630601410ef2,5.5,0x712d0d775aee2cb158c58e24e3a1dfdd2bdbc6c4,0xef6ea7964a11d9fb09ec1298586e733b303b2f4d

2022-04-24T17:03:59,0x1938b88c9a45f5d2c25ef794197538a80e76af6e9591e348e5cf30c33aec1326,5.3,0x6a41ba4a699cd3b120d7ba55be7f905469f00d22,0x1acde2750eed6a23fc07a2949375931411d903cf

2022-04-24T16:08:24,0x904123c5f0f116f59c61f46cd550b84b30c534728ffc44d541d1e81f757c2e99,5.0,0xa9a3d92c3aa8cfda6c5139ece02401432b91cbb2,0x5b049c3bef543a181a720dcc6febc9afdab5d377

2022-04-24T13:49:43,0x60336ce1b7876e0e891b7448682685b083b9bf9171c0f0a561abc91c88d5d841,4.89,0x750a31fa07184caf87b6cce251d2f0d7928badde,0x6d5974ff2be269c9da8b72fbb00bb4c0fc9e6916

2022-04-22T04:19:03,0xadf7fd96489eb218deac240fa1c91fefc11d2f7577fb8aca6f52e64669d2970f,5.2,0x572c6be27907d6bc866b36202265171b25ab0655,0x050ee024a0ffd8b9bd383271835b27dd66c3fec3

2022-04-22T02:57:59,0x7c81d0db9f34f65d1e93deee2e270e324f1a47130d3bdb3e75c72807cb182aab,5.5,0xb8b5709d1f161a353bb5e902c0ffd761bc4d8074,0x6d70fe2c48bd2fa5c30ec4c7708dd1472eb29847

2022-04-21T23:11:16,0xe215359be7a436daaabc0e8c636e7d5fbd6a857212cfe79d88dc10e46472195c,5.499,0x37d648535082dbd9aac4557ef4bcd3be8bf8058b,0x050ee024a0ffd8b9bd383271835b27dd66c3fec3

2022-04-19T20:59:26,0x4ab17ed2dbfe8c173a564d5eedb2f36dd64a4a8ca26582d9015671273dd155b4,5.3,0x4b252ab7fb2080850598db600c08a4f995250e12,0x0c93e352a4bf701893bbac0339173fa1e39b57f3

2022-04-19T19:01:24,0x991c86e455b4f3348bc8e4664fc0933378818020c4a9d77d753213a5a4659ef7,5.3,0x7324b1202a7eb60ea969d94690abb25f8e92c5a8,0xd7e228b7eb0c727706d5955c4c518cb10a3e7a19

2022-04-19T14:52:01,0xe963bc8ce7d497c5fba1cb35f3cab797424626580625cc3a1a080ff5471aa575,4.5,0xc23436ed92afece579dbb2ff4ac6f28a08e38137,0x5b049c3bef543a181a720dcc6febc9afdab5d377

2022-04-19T10:37:50,0xb6bbdd38952cc6de807e33f5a57146a20a51b920298227718a90b1a55b5edf1e,5.25,0x29d53ccd9ec7cb55792e4d11715928de9a6363d2,0x37d648535082dbd9aac4557ef4bcd3be8bf8058b

2022-04-19T03:23:46,0xb239d50e6fd1dd6f72f370e36c380452258240f6fcdfcc8dfaf6f40ad74cae35,5.29,0x4b18d92b4c88e8e0a718a9ea8d1271e5277e6e10,0x0a2542a170aa02b96b588aa3af8b09ab22a9d7ac

2022-04-18T05:30:59,0x1ac362917c81e4f672e03656f86ec41512923baf140fb04f9eb0809691731cad,5.5,0xda641f45869f9c8697be0057a4093678b06bc4f3,0xfece01122bfe9452ae84485c64cd8e6aa59f3bdb

2022-04-17T16:10:22,0x3b875da558660d2cc60e68130e7168d452538665b1e7a56a130fa64a1760233e,4.5,0x9ac4407a4fd13170ad47e1daabef8bfbd44dc08b,0xd435b22d96bfe40752e8b01596c1e95b3fef3afa

2022-04-17T15:52:01,0x434e1f304012a9cc525e849ab60e4feeac43dc80142b4273ed9f9a24232dd8a6,4.2,0xd777e8fde3605e82e2e5fffbb4f69c71d6346c01,0xd435b22d96bfe40752e8b01596c1e95b3fef3afa

2022-04-17T14:53:59,0x0aca7a39e55c1bd489893012a4903648f36f0629a3f0703b8850df0ec26a6495,4.1,0xf490a981508b7fecb25e9c5c5d12aed78a620181,0x011ea68c15f4a8316da45c1e7844311cdd0ba149

2022-04-16T21:09:31,0xd930339a0ab72afe41b90b4f8392ba85c82ea4b57588cc1d302a18be228d4255,3.9,0xa698cade532bf7491f0f887284f8e10e2de97198,0x1acde2750eed6a23fc07a2949375931411d903cf

2022-04-16T12:49:07,0x77bb727e165785772e230fe0dc22b6f1b48780a2ed69ec67ccac44281b411211,3.85,0x2e90606d7c5f13bbabd54188c9c84f58ab400570,0xd7a9f29f765b1b199f2f0237d1d8690fd470f0aa

2022-04-15T18:44:48,0xbc24a2b066030bc1d84d64027b7dfb97b8a26b3b02dcd4be5e0627a81922200d,3.85,0x5767001600db5fe84ae21ab06572612113d6f304,0x70ed00e20dd88e7bb74be284a2c8adaa2ab394bb

2022-04-15T15:03:46,0xdc4cbcd68332839fc9a8de0bfb54ea99a59744794ccbbaa3ac8f91cbb71d4721,3.7,0xa698cade532bf7491f0f887284f8e10e2de97198,0x7752b30ebbc753cab112298db890c83dcdc500bf

2022-04-15T01:27:31,0xdde047e47e33d7a9cf90706766b84854291e1bf32ed033f8f8382ff56228f68c,3.64,0x72dabd33fe53f28faac3c804a562a2e3ec96573d,0x29b7b64303adf7f2d09451d350f005384397a316

2022-04-15T01:21:29,0xba71e42ed82972ceed989d1fce245cd549740938b14e66dd73cfc1552c587bef,3.5,0x0ed1e02164a2a9fad7a9f9b5b9e71694c3fad7f2,0x07ea7aa7a752c8076a04346815ac80887422a191

2022-04-13T06:20:00,0x57297b7e78c6395ce9f4901619f59a7a082dba14c79ee62f8eecae96678af164,3.4,0x1c7a993458950336faae24bea4a79169b1eca6d0,0x010d1ae300ebbfe8e31e53ef8bebd59a8169a3f5

2022-04-10T22:43:09,0x2246058025c84f4ee5c05d7bbcbdce11a708fb6da7f2be5253b98a2e5e428180,3.39,0x11f9198c525315de7bf63bcb6e500dc2c7e98544,0x011ea68c15f4a8316da45c1e7844311cdd0ba149

2022-04-10T02:37:21,0x220e962a2e42ea9f449c5d9e9d858279d98b3d81a1e16ce42912be7af7ad45fd,3.45,0x2e90606d7c5f13bbabd54188c9c84f58ab400570,0x66362b929c1a9aaf14c51aab9b455ad7fb8268c4

2022-04-07T23:51:54,0xd00cef60fc1b39d35ba4f29afa933320d80d87e4219d5b52fc67484b291b6816,3.4,0x738c581921325e19fd701c983231a4c31c0a90a0,0x118b45c38cedd1a2ecd369c6999a1c6dc961a5d5

2022-04-06T02:03:47,0xef2901850ca3b5cbdd29e8cd3dec044da8cd875fed44ac1169e0c22bda1c3894,3.79,0xc6783ef814540c0b6565982febbc0fc5bcbdd1e6,0xe289a24fc2859fa9fb4b5acc97de7d4d6f0dc831

2022-04-05T17:54:09,0xfe2259e5da92520e7a5429878b122878a46cdceb2a6629a5f5909c7ee33f3755,3.65,0x2e90606d7c5f13bbabd54188c9c84f58ab400570,0x014a64241e230541626be1060443c16bfe0900c6

2022-04-05T12:26:43,0x2482c268b9c328a7061abcc05d3f98f3e6c6122f445b227b03b3fbe2323b7761,3.75,0x6eb115e76ef01de5d6cb3321918193dc160c205f,0xb858b447850d08fbf840f3c1ce3bb048f3c0c95e

2022-04-05T11:19:51,0xd9585d63f463585204cbbbeced84a9c6d21b9be732befb8bd0a2b45ca4ef4748,3.69,0x40415c1c0e7a8ff3e184b51a94a2fc5b92df9434,0x2af4b707e1dce8fc345f38cfeeaa2421e54976d5

2022-04-04T13:33:32,0x185157d72b57aed73b27d71acd01d77dfbf57592b26699de61f5c62214c22000,3.3,0xef15bd3f923245b24d64d6fbf57f036fe650c23a,0x419d8dcd1bedcd2b843a6987515b986a67a58088

2022-04-02T23:38:34,0x845b9cab97c1d2dc7eac8afe7b4686b34f4ce14d96bb01437a2cf6ee217c84db,2.9,0x664fe01207dc37c84a97a8dcdc28bcc1da6bee57,0xfac13aa104b172f2be3f6eb1a9548fe3bf1c818e

2022-04-02T17:33:36,0x3ca059225f10c1a565b5d220c7ecede0f942f38cf11d3fe9ae948d0bc3c392de,2.6,0x5767001600db5fe84ae21ab06572612113d6f304,0xbbf35f779cff981ac7b2d05e1729c16a1d048873

2022-04-02T01:15:05,0x0d3a44957ec81d26abf215f8723fea639cc6316813dc7260e0a527df1e7db3dc,2.58,0xc9bb325af49cf65511360984b54fd0fe02ba8905,0x72fae93d08a060a7f0a8919708c0db74ca46cbb6

2022-03-27T23:49:25,0xd363a06829fecf01cc23ed21caf9808b2af9f4efeb2c9a0d1424b4cc9d353a04,2.5,0x132ee3678e0333dda798e91f51a16873a414008a,0x4cadfe63af96404bcb3fbef877dc7aaf2593156d

2022-03-23T00:36:25,0xff1df2eb1cbba51d9a437ab2997f856ccc189d4b166b370d70af1e04acaeb984,2.6,0x8fcc16d379a066588161c7bafb2532782f96209e,0x7324b1202a7eb60ea969d94690abb25f8e92c5a8

2022-03-21T23:13:11,0x23c15246067f12f5c626a90b90875b1e80c5234b4778beb273ca4ca6c78c1e47,3.1,0x0bb14d47a450e1a5641ba39e94a9b8b892794afb,0xd777e8fde3605e82e2e5fffbb4f69c71d6346c01

2022-03-21T04:57:40,0x466e008790b66d2d471ba2e6320f61c0d18da0c03c84f32bc1e358623ac3b787,3.0,0xafcfa6eb59b77d086ba826fa7202f240762590a8,0x4ba6707b64c46995bf46f2aae4eeab5ed1a5177b

2022-03-20T03:05:24,0x429acd549a5e53fa57c3c51e488d851c0bd48b3e1f73e111c32a625b4ca2dab5,2.5,0x1bd7e95c3a5cc69213c205bec4487e2d95008fda,0xad1fb851e54c55d65d8cefe65f9e4c64a83650fd

2022-03-20T02:14:09,0x456a5c4fee87aa09b10abc1527b205b2349910138e02746966d00c044bde32d8,2.0,0x7d544a853dbcd39a53315e7002f4951a6d2f080d,0x40415c1c0e7a8ff3e184b51a94a2fc5b92df9434

2022-03-19T17:08:11,0x17067b0dbb747564b535e86e13b1e0f793d00741a45c7e0c0285f8d3a167e12c,2.5,0xc6e528ff4ffa7703b49f822e294ad8cb0300641e,0x8bff6e9ca53b6e4911052f230318d38ceaf2dc21

2022-03-19T15:45:19,0xac30cb00904066babcde186acf64dbffa25a46173f7dbe8a85e25395b1af86c2,2.2999,0x6fd1c5608027fc6759777a147594595411137fcf,0x11f9198c525315de7bf63bcb6e500dc2c7e98544

2022-03-19T14:29:24,0xa49201ab4010919d3c655d028fc398015cc200a6020826ce0c24c92b46d7d9cf,1.9,0xc46db2d89327d4c41eb81c43ed5e3dff111f9a8f,0x712d0d775aee2cb158c58e24e3a1dfdd2bdbc6c4

2022-03-19T08:13:29,0x1298d28db7e72eaaee5c5c6f9956dc20462c7549be0403a8b5d347a96d1ed516,1.5,0xd0c4af547f38f315ad3565779ef0eaf9bd17f67a,0xd5ffcabf2ba93b4c30698b0398dfbf1af3163a61

2022-03-17T20:12:51,0x22312281542a0ba6886b7e291b98505186431f9c2be7b4c2b1bb3e19c15b8811,1.5,0x46e449a3f88d0e35b4520bc36e8dfda195c896b0,0x8f0add9416bc9aa39040ac06a268d3d70740e58f

2022-03-17T03:58:48,0x19d0110c8fea92ab1df08418edc674ab01ab707d1e0cc69d3ddc84b001da1b7e,1.15,0x6dc6ef807bf9ac0c595f16a38e32d60afa4a47fa,0x75e1bec21ad7c4e94cc4512d876e52f0b7293820

2022-03-15T18:09:37,0x7b4843d9b539cd619994867ac886bd9150da9c0ac49b3db0fc47f1814bc51ea3,1.101,0x67820d2b3bed3271db10140325b50626e5cc64a1,0xd0c4af547f38f315ad3565779ef0eaf9bd17f67a

2022-03-15T17:59:11,0xf578570e806df249a37b38568a68601eaecc3b45845e6359685fa4d13bd76274,1.25,0x67820d2b3bed3271db10140325b50626e5cc64a1,0xc3d2a46894cbab35b8fc2c1613f91cc76fdd3419

2022-03-15T08:50:29,0x1920a922475d6d06ccdea383774eb7e4690cdf53fab348847698171a71910fc2,1.59999,0x2998c5591aa61c70107ff631cd950ac21e741de2,0x014a64241e230541626be1060443c16bfe0900c6

2022-03-14T10:47:45,0x0249c2582772e88d494ec283c5992dda07b6c89940ecf1e1e7b9c847fabec209,1.231,0xe01f91c88ffd5009ea972f8488fdaa5b1e994d74,0x2998c5591aa61c70107ff631cd950ac21e741de2

2022-03-12T17:51:12,0x0576f83393a3f5387a76472c534516c472c034eb75b80593539cefe2c9425adc,1.5,0xc1dd262d5dc040e9da5a8e13768ee3fac6b21e9d,0x07949821170975d5c4830c9c64dc103e92421e3d

2022-03-11T05:55:01,0x41608e5860c6de3f064f9b35d2f8b7905ae84db2e75c1902a1819840bbedcbc0,2.15,0x43259da836f9c0576ee23821d58e8fd025ba187a,0x5bd8eff5967b1f1812fda2d5e5802d28d1cd793c

2022-03-10T04:00:03,0x61a7a5313c9166d6b898df6b7ba2bb4c8b5bc3900cc04b477b17b9728c335ba2,1.8,0x8cb377959625e693986c6adef82fff01d4d91af8,0xfece01122bfe9452ae84485c64cd8e6aa59f3bdb

2022-03-10T03:43:37,0x4d2600097a1ad88f908f3fabad6fd1315d5b8e312f69db64503e2f9738a71790,1.75,0xa309e257db5c325e4b83510fcc950449447e6bda,0xfece01122bfe9452ae84485c64cd8e6aa59f3bdb

2022-03-09T19:22:21,0x4d7a4c94975fa36181e732792fd3dc9a50b4245562f98671d9420c40aee43f3a,1.75,0x1e92c7b70bb5f0298f7ceb32a7b9c72a4dcb69fb,0xc9bb325af49cf65511360984b54fd0fe02ba8905

2022-03-08T13:59:40,0x963fca5d96cd1643afac18ce5f6e9cc12b89ea65475af4511dbccaf32be281b7,1.8,0x14c112cc2e31dd28be0ef1c188b0a7a348bbd70f,0x6e0d3da6858ade8063da01a9dd90e04ecaf54355

2022-03-07T02:47:26,0x9f5840bc2660c57c33f2e35d9908543e708f63443b84509761f026f8a838f8bd,1.869,0x1eb7b04236b95943dcddfd2e96dbb1ba3b37f44c,0x2324ac6b264c05ecd5d772403346629a8c6ba31f

2022-03-06T00:20:03,0x949bc0a3503cb561a3be8a2d80abef7de6beed9d0c19a5768f24e193aec03554,1.7,0x6b412d6fb24d6f0a17641afde687d5171839db75,0x7713bcf7af17efc10fbc0ca7786a1488154cdca9

2022-02-26T20:31:07,0x763925c104d4d17f5e810561ac753c328b5f1ec15943e0f4a1b5dd01ed06eb6e,2.0,0x495a646d10d82cf9de4135a3b4b64d028aa19c81,0xb9f1f193c8dab4f4b1cfdeaacbd00299a4c54694

2022-02-25T18:09:16,0x4b687b40d0e6c8a375b735e58bcde251b65d55eda7fb6d3f59de0753f42d61cd,1.75,0x23effbad3a6d926846e964c9ab9580e5068857c4,0x4298e663517593284ad4fe199b21815bd48a9969

2022-02-25T07:25:57,0xe9355b3e85c6b52d05cf4eb556822b701a8649570043a816326a4066b558ceb5,1.65,0x3b3d5008e09451935500f140369c21c779707470,0x27f33f5af3125c7488051134872e6e7a3c5a644a

2022-02-22T10:53:23,0x1111966d16b81748f4e980a7a270039d8e0c4169ec146af734b9f4cb40bd0bea,1.69,0x6eb115e76ef01de5d6cb3321918193dc160c205f,0xe01f91c88ffd5009ea972f8488fdaa5b1e994d74

2022-02-19T23:31:20,0x5ccc34f184f1b02f7fe2032cf04a3a2e577cf61251a0075610ac0d314648156c,1.7,0x1ecd9dc6b1f6baa90c934a12e92a1a409d414023,0x4298e663517593284ad4fe199b21815bd48a9969

2022-02-15T08:08:43,0x26a42f943fc37884051b928f3eef7731cd144425de263361c4857c276f99e0a5,1.75,0x8df715c3ad90238966703034bf197db3a33e8297,0xfce42c6ec043331a191b56d226854eaec91b04fa

2022-02-12T19:50:24,0x918b921d7c9c1c5f64ea11e2448eeff4c1e7456d204eb0624ed691f5bd678248,1.549,0xb9f1f193c8dab4f4b1cfdeaacbd00299a4c54694,0x1e81fc49f8eff03903f706bb631bdf01003f5d24

2022-02-12T05:21:05,0x6c565c3e3d8e3b89afa7db2066818889f41df7783a2efb2863fe54f035ffc522,1.58,0xe6b4cd8d3f0de86836f74c9e6ea24325219f2347,0x88aba877cce7892eed2cb3cdfbafd58b8a9d2ef0

2022-02-11T08:00:21,0x3a3789ecad3ce6731c23030d67a0c524253fd11e08ffe317b5348dbc64ee042b,2.0,0xcb12774316045fd384e650488eeb5a131f4a6b48,0x6590b3665a6d0e9e767a410291ac5c5665416e5b

2022-02-11T07:55:10,0x870c50993a50dfbf2fc5c01088c3c500026bd7c0f38cded0e6600997b7c60bb8,1.999,0xee516142fdfc3066e096bbf4afd35f00aedcc2f5,0x65ba4f92d7dfa813ddbd849d9faf38a723dd9b12

2022-02-11T07:33:39,0x62a6519d980831952109eeee0a78482586a4a9738f00176d61b9a3ad4d7b7c09,2.0,0x4e315e59617f1708dcd4852c79add89d251dae09,0x83b5654564caee5c8e86a314b4e62330db99ce16

2022-02-11T07:22:37,0x5cfdba5a8314df140f00a328761411ba15057026a79bb855eeebbf89fdde3247,1.69,0xcbb0a140815cebd010a816adda260f3f0478e94e,0x65a78aba0a3544c19f6503a7d39d8e45f85c60d0

2022-02-11T04:09:38,0xc1eb136fe7b83da86c3c1e4cbbbfc38fdb312606939c49bb03692d1c136631e4,1.589,0x8928b26de9ecc59cacdba095c6ed6237f48ddbd2,0xdb01fedf75c733a46ae97676445b6180d8826455

2022-02-11T04:09:38,0xc1eb136fe7b83da86c3c1e4cbbbfc38fdb312606939c49bb03692d1c136631e4,1.5,0x32b241e39c0402b7f7798e7fe70aae3e31b3e728,0xdb01fedf75c733a46ae97676445b6180d8826455

2022-02-08T16:35:17,0x49a1cb5b6c800a386946d065ed92daf326c1777a00db96cbb3828c2abfc94857,1.3,0x1c5dccb380c92cf152a8d27f24c6e3cc42b59206,0xb235b4cc9e43a014a7b770c765ea3843e2d38675

2022-02-07T23:19:30,0xdf7d7f4cb14c5ad17e3c87f062f29ac2cc8032519362ca5d6d5b9fbb43eb05b0,1.15,0x10d353e25b4e15ca69ef31eedb8df31e637d5a95,0x2e90606d7c5f13bbabd54188c9c84f58ab400570

2022-02-07T03:44:51,0x5e51e03d2a9b2f5c4d50838649e8a503228bb6c8542a5a637dc7f8b076be5288,1.15,0x0cac9c3d7196f5bbd76fadcd771fb69b772c0f9d,0x2e90606d7c5f13bbabd54188c9c84f58ab400570

2022-02-06T21:25:41,0x2626afc94fab7ad64992712930f1070211d9f22429d405ebd41215e809ebe216,1.4,0x56d76f5c26175ecc3a88efa3cfc622c827f8c501,0x13a7d2fb3f73b57ef539c35c4ec59ed49b1833ca

2022-02-03T15:19:30,0xa12c7c51e8b0cbab67c5f044ae09f70bbbdbd7d645e9139d334ed9d05f9f14c4,1.444,0xbf571c179a60fc86de5ef1ad574cc3cd0b8fee62,0x29d53ccd9ec7cb55792e4d11715928de9a6363d2

2022-01-31T20:56:31,0x8c87c406a9649039b76289b29629761529485449827965059edb5a8741e7d846,1.45,0x132d7688c80935e013668a1a183f9d133853ffc0,0x9ce03db83729d684264278d3d0e4bd0bf7dfa355

2022-01-31T19:57:17,0x4381e9dabd04567e25d9579888e86d1442f24d50ad226eb8daa304ad9cc45336,1.18,0xf84a5fd946a7714c6d48508fa8292c8c5037b5a8,0x2e90606d7c5f13bbabd54188c9c84f58ab400570

2022-01-31T04:05:40,0x7d8317b8620c11eec8b021887e271950b5e128934e9ab2883ee571c69d4e5ee5,1.35,0x13a7d2fb3f73b57ef539c35c4ec59ed49b1833ca,0x6c0cf880cb20eefabfb09341fba9e2bd29ad3dfa

2022-01-29T15:52:28,0xbf5f3e01a6e5ce4d3e0421aa3abd3bd2618a911f994a2deecc96f575bd9ee747,1.37,0x51c3b8e1309ef11a8db2a499e5f1893a36454dce,0x54e5e0dd6a8fbf5bff95e4e57cf710a30f659a5d

2022-01-29T06:13:23,0x5ef6e308647a0885f31c8b85cf5619a8d6eafdc7914f18460ef28243cec617c9,1.35,0x222a9bbcb7e4f305315bfd39586c3366221d74eb,0x2ba77503ba95cda28a4015c73ec88b60516fb91d

2022-01-28T05:41:50,0x590df3c5f08faef944d711b4050ffe88a69c1ef68a79213ea327ce49f3924dd8,1.5,0x5b92b6e38a2746a3bd7f32bb1f230a32e1e6cd06,0x0a9424e0805f3a2023723c39984a266c26816dc9

2022-01-28T05:41:50,0x590df3c5f08faef944d711b4050ffe88a69c1ef68a79213ea327ce49f3924dd8,1.48,0xbd5284b967b73c54b5dc99ccd350b5186519bb22,0x0a9424e0805f3a2023723c39984a266c26816dc9

2022-01-28T05:41:50,0x590df3c5f08faef944d711b4050ffe88a69c1ef68a79213ea327ce49f3924dd8,1.47,0xf490a981508b7fecb25e9c5c5d12aed78a620181,0x0a9424e0805f3a2023723c39984a266c26816dc9

2022-01-28T05:41:50,0x590df3c5f08faef944d711b4050ffe88a69c1ef68a79213ea327ce49f3924dd8,1.46,0xda641f45869f9c8697be0057a4093678b06bc4f3,0x0a9424e0805f3a2023723c39984a266c26816dc9

2022-01-28T04:28:52,0xb5a45c9a9f2aed6da5f8f126187fa9703fa97875dabe02eb046fd2b6d84a3c07,1.45,0x50c6c56400b570017e11515feb50a6080138b3e5,0x8928b26de9ecc59cacdba095c6ed6237f48ddbd2

2022-01-27T20:42:28,0x1b7d2fe4b0b71f880001a0a975405b83af4435398d4c4d2bdb4aab843bd02940,1.45,0xe1f58545cf2ea6458c6ecf9de549bf42ccecab49,0x1fdb5c972355e9f3b1ab8588aa613b4bfc291564

2022-01-25T01:33:24,0xec3281acf6b8f97973232d31a812c42747d7815caf4c65cb07ce5d2e878feca7,1.45,0x4bff9b3ede66c6daf42d6deae4c784c520ce5ac1,0x51c3b8e1309ef11a8db2a499e5f1893a36454dce

2022-01-23T02:43:25,0x4c901eb865568079b5e5adb56327c532ee61497f7bbe43824e183e3b9484be7e,1.498,0x73524bd95c9884c9f274229957d9cd67460fb38b,0xe9f9e7c3b6456f844965b814af5061dd441c5bb2

2022-01-22T23:22:30,0xa4d3db02fffa32408b8a48bb7533f11b638cea9f910f5bb2984767e01110d7fd,1.497,0x7b41f235e12ae2d3696caae3f921412d7c2fca2b,0x10d353e25b4e15ca69ef31eedb8df31e637d5a95

2022-01-20T20:15:49,0xe7af90a32fed8083fccea49e82696349275f9178aecf50c38cae56c2dee67fe0,1.3,0x51c3b8e1309ef11a8db2a499e5f1893a36454dce,0x17912235ad7cd9b5fb728a2e0b99ca7e614c692f

2022-01-18T21:19:08,0xf567b268076705552997e044fc7ad098a9cbb2a6260375ef244c6666ad053061,1.0,0x7f692213190b2c5ed1f8db2ea7dfee5df229a0a0,0xb3df24d97b37d2593069ef9c12f81d7d2b61c490

2022-01-18T09:00:47,0xc0d1d74f715f096c517e738db70edce596962b9be5cf47d6a73ab846b91f5e28,1.5,0xcfc705563b0aaf5c0606f7b6f042b81c1da1afce,0x541ebafe188547a9d8299d897db0c71d2e0011bc

2022-01-17T21:44:37,0xfa68555b67c12da5f5e61ecf2bc1683f73e6b7c77da0d610d26c037c85adfa73,1.7,0x18214027318ebdcd9e7bc5b0b9b07ce14c691ebf,0x9ff026e01d137d9f802cddf79db307b89b9eb1a1

2022-01-15T22:41:56,0xcd42526a023b98dfcdeea8d5e3d5e34c99ce460b93d8e238241ae9414560b835,1.7,0x14dec35854c5550afb8fd8394c3cf6593a974666,0x90e5f727b13a9d9402968e335fee1784ed8a2d61

2022-01-15T20:27:06,0xe188c4d0c97410823e0e22d57bdddd3711102592556f66861d4f9501de933f59,1.62,0x07fd1a1a634c35fdbe6b1f44f002b31e7c4e10d9,0x13abb285529729ed8acecff3da52351e991f650e

2022-01-14T05:14:05,0x019d62e5d65585e176f0c2918db5242a3f60eafbaa58185226de6b678afce964,1.8,0x6b534bbcf64c4814fa652cc55fa7cc754cdbb723,0x6041f881358c71d64bc9253c9ba0391df69f7d98

2022-01-13T14:37:00,0x60529c569762e95b6eeed144e371a8f1373a30c7ccb4e4fd4fe1748b81a648c6,1.5,0xd0bc1f46e3f2dadbbd66b1c557caafa52a1dba81,0xa3c277b8f35881cbdb017e52bcc376b3ce8f21da

2022-01-13T06:26:36,0xd43436c9e79304dbdad3476473b77115bd82d42c9dba60d91e9443010ad16aca,1.49999,0xe90544460377e4702f2ad522fde70baab26ce21b,0xbb372b06aaeef2a869d4519c92658a2a6a493c07

2022-01-13T05:59:27,0x8c238faa745d45d457184bafdd71e0f4c9f472066be4f197b7a2c5990cbd630d,1.45,0xaff1bf27f0ae7ce8ac0b7d3ec7638933ede0194e,0x222a9bbcb7e4f305315bfd39586c3366221d74eb

2022-01-13T01:54:22,0x4c9d44b85f3a1a085d3869e4d5a13159e9e2d4d1e1453a47cb1ef0dc957d4709,1.45,0x90339c3d449b908eb51ba9a5fc42ef2dc170c0a1,0x2bf7a0f0710a291d888c613e278bd2cb0e862470

2022-01-13T01:25:45,0x2f1bc99c90c9df5e11c2d23381c15ae3caed51176f1402d960b57ddd78208a03,1.42,0x642b15a995980eccb49e6475f44975ff1f50dab8,0x0e533b432bf575a09135a285ba7d299587f57480

2022-01-13T01:10:29,0x3053b0064353473fd3ad26d7c1f763133eec01eafc4ad4e8a70bc38911d80734,1.4,0xa496b117694823fedc9254f7ff0d723d015f24c4,0xd766c35684da0a61434842edb2a43b7f0c7161e2

2022-01-13T00:32:45,0xbf56cbd0fdb899a6fd1a719df93aa62cec56fb63d4eb2cbed5a668914afe4d35,1.35,0x8fc6d73f29d7958b415f22db1efe96b5481d3fdf,0x6b46e8edfbfa9b3710f91539978442d039d84221

2022-01-13T00:24:08,0x905cc3a01f006b36018762a8bfa6c8e80efdba3e34eb2aa8c7cee8761ee318ed,1.3,0xb1ce2c57a6f8816113fd172a75fc3b9803320228,0xda641f45869f9c8697be0057a4093678b06bc4f3

2022-01-13T00:14:33,0x857513be6b6583db0815ebb20d77c20c349ac8c5965bb3c9baa5f0938210aca8,1.29,0x5663d8ae04a60bcbd6a2c110ca33e2531012e53f,0xbf571c179a60fc86de5ef1ad574cc3cd0b8fee62

2022-01-12T17:43:19,0x3c37d19f509a328f2d5a82d1c4b1fb04883b068740508e61a183ecdd4692bd87,1.3,0x9581bbcf45730969f7a42ac709ac9e8653170374,0x25681370d5a59aa93dc67d9dc6fbd6634a171b89

2022-01-11T22:34:35,0xcda5de0fc18ee0d8026ef5cbaa1bad3d6a9b2f094b79e0fc8281438cf1dce3e4,1.2,0x28f8056b6d87f3a92373a9403fbfea1a2da51904,0x0297aad5017b07fd7983d729f90e687cde98f8d7

2022-01-08T07:30:56,0x1df7c5abf3e34645e1f7c4070b13e4eaf9b1db6c3e0ba3a66681825e26c35a57,1.48,0x94d3eb20a5e8e4ef815ec5553022daa1a5862911,0xbd0e536aafc069a1332a31fb4b8a6a356ed07a71

2022-01-08T03:14:15,0x62c2b7f23beadd797f01380953b9158b2a9daedc4bde7a581d6f2937790a0b82,1.4,0x1b4796f753045b3c1aa227b6de51a58acc0c225d,0x14c112cc2e31dd28be0ef1c188b0a7a348bbd70f

2022-01-07T07:06:58,0xb6a2c0baff429d0f223e942d2d5d4a88ece2876ac468f52c78e60b9aaffddf1d,1.35,0x0f5b24ce9d2900a9eeb49126d9e930e99b12b9d5,0x00df0a54fb57bb4a999b0e3e3746edf52ab44c7b

2022-01-07T02:35:00,0xefbeaa507147f2d4dd8f4776d3497228e3eb38d811a33d7fa73e3bc8bc5337ae,1.69,0xe553fe5b71a236a8d6b03cbddde8be48c5fc5402,0x2324ac6b264c05ecd5d772403346629a8c6ba31f

2022-01-07T00:56:23,0x615d9103fc0486b0244754a7f72f2caea79ed8a6307a6fbe5c8a2f4ffe85da02,1.69,0x1fdb5c972355e9f3b1ab8588aa613b4bfc291564,0xf23807a1084afbcb7616475fe47e7cb679bc8944

2022-01-07T00:27:13,0x6c84e966d3d27940b97b2de27005388e6f32a3d27cc75728cfb15e0ade14b7ca,1.39,0xa7ad4296d9f41434d1982a4c4cd98df88121858f,0x5bab001443335dc45f5980c985217a4f4bb8ccae

2022-01-07T00:22:55,0xc3fe0dd0c98a1bd89fde0db8b1bd488f5610fb7bd54364c39fa0b4f79b6b893b,1.3,0x57f02141f2d91a024032536ec61c974be76eb7c9,0x7502de34c9ad924c6f0f4aa4a8113168ce5bb596

2022-01-06T23:56:45,0x3ee58fd04f02475a937617b8be24087e90f9879f50261b7c1b16eab5024d4bee,1.48,0xb394f1aa30ba874df3ae6097bf4c2474b2d8f3ac,0x6b534bbcf64c4814fa652cc55fa7cc754cdbb723

2022-01-06T23:54:21,0x59dc02506dd9f791da332e298fcc88f2f14036bf382fa629a39a676d10e4190b,1.49,0x501c9f7267b70dfe2a96a7e8c69aba25f016bab7,0x1b4796f753045b3c1aa227b6de51a58acc0c225d

2022-01-06T23:18:07,0xdb766a90020395fc52e296b738a8b458b177c1b42d86464316021293fc486695,2.0,0xa97a886cfa62ea3806a4382e5b4e6367d057f0ca,0xe1f58545cf2ea6458c6ecf9de549bf42ccecab49

2022-01-06T23:14:13,0xd896afbb41b105e584324b6f8cadd2c9817bf6c213ab36652822e3e2996fed6f,1.95,0xc698c41c7cac9dbc9e1d931860b98b131d97fbca,0x57f02141f2d91a024032536ec61c974be76eb7c9

2022-01-06T23:12:41,0x602039f3ac86a3ef5cc4b7db4a2ff5987c140f1f5040a62d4f3fde09375250c8,1.89,0x0d43e9d9812c0d7c63c7cbe873526030307d921f,0xd0bc1f46e3f2dadbbd66b1c557caafa52a1dba81

2022-01-06T23:11:14,0xa940f220d59646f661a0e71af3e6d75ed7f8f3fe4511fae00ed4f92f22f9f57b,1.88,0xbe8407b6c800d1d3529fb9593f431ddee1539f2a,0xa05bca6f6d9c0bc2c3a597ac3f800eaf502aca66

2022-01-06T23:10:48,0x56f00c858f5e6cbb6c6b3d46b2780834cd3f7fac0f74c54669da5dcf6ac00349,1.8,0x6904dfa88d5345dc7e2de0e1eba32a6c1e672b93,0x2c2cd2298d3b1f5bce37f4e49b169da45746b49e

2022-01-06T23:09:17,0xbca59869c2ed778806cee5cda2efd7763c94da9cd4d791620dae834e528ef1bb,1.66,0xa7ad4296d9f41434d1982a4c4cd98df88121858f,0x78a1450692a739396475ea201a312942f9fb0c2c

2022-01-06T23:08:43,0x926a36060b32307c43520f2dd39aad453f4441454659d097d0ed4dcd924cf1cb,1.5,0x6ccc566d56645b2867baa22db0eacc7532548e4a,0x14dec35854c5550afb8fd8394c3cf6593a974666

2022-01-06T23:08:13,0xfb883dec0c90b4c6610c2ce88e92f1163d2f794f3c41b581637385cb1909e9cf,1.42,0xe400a85a6169bd8be439bb0dc9eac81f19f26843,0xc6783ef814540c0b6565982febbc0fc5bcbdd1e6

2022-01-06T23:07:28,0x29dfda581b59854f75d0b8a76423abda45807a6ae1220b9029478421e9266800,1.2,0x2951361a6182aece4ff1e59340b11e7d3b8aa925,0x13a7d2fb3f73b57ef539c35c4ec59ed49b1833ca

2022-01-06T23:03:18,0x7d32792bd7d23ddfa870a7cf5e79192e72ea7c9fd9ce3af52bdc80a665f0153e,0.92,0xcdfc03c9ef93055ef29e721dcfb8a7c27af03f80,0x815d26e96ce81ff75764b447186a54e8d2d88a89

2022-01-06T23:03:18,0x046773938a515ed54c53ab2e55376f7922ee166fb80c86fe200b8632adf13245,0.89,0x257dca0698a829d73a7e7c90116ba6625f5f7bf4,0xde38de354308fb26c4814c230000bf9cffa1e404

2022-01-06T23:02:32,0x80380187cba58e6f6f14d729a317ad802160418d7e6665daf292ded0e008709e,0.8,0xa5e2bb97de3c62ca06f1a2293eb7e01c114e9a49,0x0e5a1d84ed69067c078596bc6a17452425b005f1

2022-01-06T23:02:32,0x5d9742816469b6a81bc9d89a8dadb930c72d43b4345c329cbf7b667ff1cb7f7b,0.79,0x653223a381fbbe16ddb1ec44c7a1c31ffffbb1e9,0xd4a08cf067c83d1b2cc1d26831569b7850804be7

2022-01-06T23:01:19,0x5511a9f2eccce6f00ac8430b925efb877d5eadf28eb86be89fa130491cfe9e2f,0.7,0x3caeac7ff83b19f4d14c02cda879c4740b4f0378,0x0f5b24ce9d2900a9eeb49126d9e930e99b12b9d5

2022-01-06T20:20:47,0x70d7852519e1c3e195dbdf822a21025b3567acf58b91e9e22ee28d98741d9e86,0.6969,0xb6cf854a99af844a29d92f57b8e1cef1dcaf3a6e,0x5767001600db5fe84ae21ab06572612113d6f304

2022-01-06T11:36:44,0x7724063c873c222716a3fabeca7746d491ade966794c623c2c97c169259a74af,0.74,0xa05bca6f6d9c0bc2c3a597ac3f800eaf502aca66,0x125bc62db93669fc2783498742ceb5ca5666a10b

2022-01-04T18:25:37,0x537c3929f278ee2210a9d25ac8f16e08c8072983c6d271ce6ae4bca68ea98dc4,0.72,0x28bfc896096cdd1d5c8d49b534af22225f8fd9e9,0x56d76f5c26175ecc3a88efa3cfc622c827f8c501

2022-01-01T05:49:41,0x034f3707361872489ee501f40286819ebb80834c94b48536126aa93cc03cf41b,0.889,0xc42bf2a3acfa4f2ce8e772a6e05383d277920ce2,0x0e5a1d84ed69067c078596bc6a17452425b005f1

2022-01-01T02:35:39,0xda5c2a3fb921b7e03e2f9e5db75ca11a2f17bbe0208bbcf1dbbf02e038810f07,0.099,0xee0d226287f838da6ab7eb10f72bdc14b735c168,0xc6e528ff4ffa7703b49f822e294ad8cb0300641e

2022-01-01T00:02:47,0x33507b3868f7dc8b66321fcdf95270fe89d78f08cacd263a5063ef2f32c24f6b,0.8,0x6fdc859bfad3bc680647c8c58530faa039e1fc03,0x129551cf72217561d02679c0ad7a9810d525b605

2021-12-31T23:50:51,0x1f28ed00144e8c080b7c7cca72e9b2978a57d69fefb60d62261fe281cda8e252,0.789,0x1fdbffd0d8e237e64e68a904c2a6f447a1ad5c90,0x501c9f7267b70dfe2a96a7e8c69aba25f016bab7

2021-12-31T22:31:26,0xbfd2a4011a86a5665c650cd3c1ca5a037e821b79d5194bcaf680ceb0876815a6,0.769,0xbdb97aa139f1ca8027946bfefce501c051dcc39f,0x129551cf72217561d02679c0ad7a9810d525b605

2021-12-31T01:30:57,0x6ba24f4a0175164238bcb1a47739295bb465d297053af0da3bc4594d4a8d7b5c,0.7,0x144ae423aeb55901d01d14bacdcbf835e1209cd7,0xa7758394d8f7fd23b0d9f13e02427b514687394b

2021-12-30T21:29:19,0xc7761f6afa0115654fc999b0108c07fcfe247364b1162e899847302c2c15c7ca,0.55,0xbdb97aa139f1ca8027946bfefce501c051dcc39f,0x00bd53913a82f36e5796ed7d30f1b2a15cd31c20

2021-12-30T21:07:12,0xd2ea5488300b73f1b793ed0767033d5b5c93379fe4208709c08547ceb866ed5d,0.55,0xbdb97aa139f1ca8027946bfefce501c051dcc39f,0xb9f1f193c8dab4f4b1cfdeaacbd00299a4c54694

2021-12-30T02:06:46,0x3b94ae79ede306b232f3d9a865f711373e6feaeb214389fd81569a3df38bc639,0.549,0x45f2e08b35a959a87833c57c4bacbf58f95eefb7,0xe03513898e041bfa68292ad8992b2d781ae738d9

2021-12-29T22:50:31,0xf73d3d9f8dcc93ccca9d00276edc816289c482a7839dc052761b7e2f5f3a641d,0.46,0x42e250824bdf98f3e450784b0c1cdc3ac2f157e2,0x653223a381fbbe16ddb1ec44c7a1c31ffffbb1e9

2021-12-29T19:12:16,0x4ed15ebfbe5e1f443984b505a7066adb78d3811cc3987f50ca9db6d0b8940617,0.49,0x6305e1ac90be03abc2c7a0866d51e46562247d1f,0x1442fefb4b885d5d1e91f245706e7cff5c4b3811

2021-12-29T09:11:51,0xadea8b037d9928280952a4a0631ce1eac259550bbc8b17ecb3d37dd62312179e,0.51,0xf14c883b4940e0f8c4257d72674f003d8b6cdb58,0x9ac4407a4fd13170ad47e1daabef8bfbd44dc08b

2021-12-27T09:54:51,0xab546d6d315efeb8d79cae3f65448616c1fa03aa87f40cbb00a3af3ad44e1065,0.5,0x00bd53913a82f36e5796ed7d30f1b2a15cd31c20,0x07549b512025d0cd6cf1a3a85d6e0525a2e3e422

2021-12-27T09:35:28,0x07e360d248aee416014079249cfca8ce32a78aa916052206f310ddebbcc0962b,0.499,0x0e5a1d84ed69067c078596bc6a17452425b005f1,0x5aede5804d4f2bd4a14f61fea1f9c6ee72ba1725

2021-12-24T01:25:41,0x1b30c0bc3b7e94aed18c0588260123d2de5329ccb80672597bb691631dce3cea,0.33,0x641891adbecde56492f86330dd89059c8119494d,0xaedfa7783784b8f139b0df3dad3b5d268d5fd34c

2021-12-21T11:06:38,0x27b3cfaabeaaafac2afc4fe845e9e9fce365adbb75870df1cab7049735cac79d,0.55,0xbdb97aa139f1ca8027946bfefce501c051dcc39f,0xcbb0a140815cebd010a816adda260f3f0478e94e

2021-12-21T10:02:07,0x1ac2202036fa6af9f6ce5bc219cc17666009e9eed338568460a7356d7da4fc6f,0.549,0x52536fd5a1d9a3ee13a741219429570abb3f91ce,0xf5dcb2a47f738d8ba39f9fa2ddc7592f268a262a

2021-12-20T15:32:23,0x6f8841f363c782b8d10f07bbca6401a1621855dee3b9e8bdddad8dd847c44a05,0.5,0x19088350f875844687d590fa6423b8f834fd109f,0x86a41524cb61edd8b115a72ad9735f8068996688

2021-12-20T10:45:17,0x53bc6c5cfa66e451bb11c9ba2eaa30b2de92f03fb97ebfba11f80a9d3f8fb987,0.45,0x28bfc896096cdd1d5c8d49b534af22225f8fd9e9,0x32528676f88d7c9c94712fd46397924307a3cddc

2021-12-18T14:13:13,0xcdaeef2809b342098ef23e79cca74fcba82a2324b1f93a02d68814e6df36a973,0.54,0xfbcb3377b0abd6927b2d5831b023d013d275adaf,0xddf767f258adf0af89896621349cadcf8722f771

2021-12-17T13:14:21,0xa768052b396c433c2ef2886ca2b705b7ed329544944c9914799c092a79787618,0.59,0x46371cf3140927be722325fcf8cc323be13c4e98,0x74e2560995ba0b3e27539cea74d40b784f54689c

2021-12-17T06:55:04,0xff06f65755f52c6867fd03cc8c2dd1e85ef40e1d8bb92b07e8478d9781545dea,0.64,0xcdcbd44526006122306293e4e2ae7f2d7352363e,0xa7dd3f077a9c8204b120eb50aedb27a823f0a644

2021-12-17T05:07:55,0xe1d651e7a5d68937bd53003742a69ead300b2fc682f8b1fa9465f9e66f86b5c6,0.64,0x1fdb5c972355e9f3b1ab8588aa613b4bfc291564,0xc23436ed92afece579dbb2ff4ac6f28a08e38137

2021-12-17T04:08:18,0x42fde286952c77107cea190ace6e0cfd32fd9e20af891f68c9438e917f6ca788,0.63,0xcdcbd44526006122306293e4e2ae7f2d7352363e,0x0c16ada29185e8e1338c1f0f44287831329a9420

2021-12-17T04:07:28,0x13a912cf98aebd4fe799077697ab7317856f9a93dce8661315ec6cea711c14a6,0.62,0x1b4796f753045b3c1aa227b6de51a58acc0c225d,0x731470ff567eb0d6288fda4a50b7059e70a7b4f9

2021-12-16T23:58:24,0x598449675e57440e3d0de173c5406c657e4eee57e7f06608b8e0fefba16b8b9f,0.68,0xdb3ff3567157210ad445d7bc50ffa41f63de7f28,0x6b412d6fb24d6f0a17641afde687d5171839db75

2021-12-16T06:50:27,0x0b06c31ab851b6b6a2077d811c5ddb92f51494ac555138e2da42c9df584caeb3,0.61,0x5c95a4c6f66964df324cc95418f8cc9ed6d25d7c,0x96182047553d3c45ae54e5669ed63cfeb5420514

2021-12-16T04:59:12,0xbd8332f46daacd2ad08322573f753f0aa5cd0470b7745a023e9bb7e68a9f4d53,0.499,0xb6d7759c923cb9bfd190e1cb83f8600a839d6a34,0x28bfc896096cdd1d5c8d49b534af22225f8fd9e9

2021-12-16T04:58:41,0x540c8263d4f49025cd4c4e114a9785b5c21c5d00e4670271ae4338d5c0b35c95,0.49,0xaa07940ea29224d6e4dd3123f31c46d45fc78669,0x3e0543dd5ac2d77499bf75981eea5fa139bd077a

2021-12-16T04:52:25,0xd0a74b60a6828a00540cec7b60312eece7eaf83f5d7f5feee572af42b81b130b,0.425,0xfdbdfd6586a99995e9eacd7126a41cfae8550231,0x23d291f1b610b9881b99f300c5d70012739a9ef6

2021-12-16T02:14:01,0xfbad7a83861d10f73eff4df623e21413d6433efb956d41909ecce25bc2b45361,0.42,0xb75959df7b0dd6f9dfea69b3e1661e7b07b79600,0xcade9fd4933b1a292b991d25ef086d5c3b7ddb87

2021-12-15T08:29:36,0xbb4890e53ab99b6cfa7e501297f38d19ce3bc9e9a622779fc0912c80a9bd699e,0.41,0x1fdb5c972355e9f3b1ab8588aa613b4bfc291564,0xdb3ff3567157210ad445d7bc50ffa41f63de7f28

2021-12-14T17:04:40,0x319dd17add7970fd8c6c961b6dba6073f9adca1ea36674e1a98be1fe7bef9bfa,0.4,0xe588a2b38f24c72e30535885d645ceba44480d1b,0xc57fa6d81de5a179f0fdbf2afce3da54dff696e4

2021-12-13T20:52:31,0x23592d4181131c2443b329423a890c2fc4acef7e51fd71112e53a256a2428b5b,0.39,0x19010d5d3db8658af6cec235177d475a1839a89e,0x2dfe73789ebb4cba862c9eb16ca1804940a274fc

2021-12-12T15:59:35,0x1df9f3b08e494682815e8e6ee63ec2c45b35514635537fa52b90319aa9b4ae55,0.35,0xd7e2efe8d644a5fb5ccf0ffeeb79378622eca227,0xfbcb3377b0abd6927b2d5831b023d013d275adaf

2021-12-11T19:18:28,0x62dcbaa72e17f5d1c4040ecf084f90fefafbe4b1bb17b6768a421fe028de06bd,0.35,0x5c95a4c6f66964df324cc95418f8cc9ed6d25d7c,0x6abad54df9ac4241a2bd308dc5583a1ca3736c3c

2021-12-11T13:41:07,0xcd85bc1cb7aea94678fdeb7ccbbe2150028ca2b98cc9f7222a15fd03d94460b5,0.36,0x9ab30e5206df3f80b670187d7788eb1de2a1dbef,0x5b041643943b7112773fbb8696149c8d07e0f392

2021-12-11T10:15:29,0x17fd288a7eb552d7839c7589e984be2612a5151b6b7eb5c6cf3a87e892f049ff,0.37,0x95425e5abb5cece0c5653dd77be02b7913e53488,0xf490a981508b7fecb25e9c5c5d12aed78a620181

2021-12-10T12:15:45,0x42df6cb9dc5fd2141150a22594e578f42087cc181dcd6fc8729a7eb0af5eb9be,0.45,0x40dcb6db7bf5352cfe9219033ffdc67b5e3e0488,0x3d345668b9379ab02cb1bc78a23f585ec65e85df

2021-12-10T05:51:59,0x4ef8706ceba4dae6cbfb78eac9a1236a6e6efd9f119b1ca0b7429531a09f67e4,0.62,0xa5eae3eacf95a344cc5c54413729cf5331b9b495,0x5fc97b4358afc69565e2d120ca61e46a2e89e82b

2021-12-09T04:04:46,0xafb17cf1bc0e7cc4f5edfebf89ff27bc1d770750334cd9496fed4b896a13c05b,0.68,0x902bfdfd5e11e41aae171b585c93ed7a8f194b31,0x46e449a3f88d0e35b4520bc36e8dfda195c896b0

2021-12-09T00:50:50,0xaec7c4af16677489e5dedfa28d250d96c1116ecf39f8bbdb6a44157e09cf9778,0.68,0x64072ae2095677ab7e8df63e1fbae89b6366d6b4,0x22046bd7865b1a47a41c83df48b96e66ec9d7dc2

2021-12-08T10:03:25,0xd1ce2feeee16b04be20f07d433e787a5208433a79da2d7e9115a1008bb5ece35,0.5,0x9f1f7957c0456157485a0fc433a5f86403055432,0x289314cd8d5147e32ce3f32fd030467df92d57a7

2021-12-08T06:18:30,0x471bdf152084e5c9a9af11ffcc302cbdc26855c9f70b54537495997950c2291d,0.5,0xe61c819fae876905c243eb103dc9b20811828e12,0xf6b1a88d33ef451cfb23f2172ffb8860f7844fb6

2021-12-08T00:28:11,0xcf9041e402f22900472762414185b410135854990178ffb246f3bc2fbb4e2d02,0.5,0x649f69ccd077da03dfb11f4b1daab4b625f5e9a3,0x257dca0698a829d73a7e7c90116ba6625f5f7bf4

2021-12-05T17:59:14,0xfd0a1ae6b19138d26e213c7ef8d9856fa768e80904a6b0dd95064c9a20b1543e,0.4999,0x14929281cb3dc7f7e47c95a977c05ed4b85489d0,0x9b8b24e3d406627984eb3782f358ac00431bd93a

2021-12-04T21:08:11,0xd1c42476b52ce39cd17fe3783192716d14409b73d5372c0480e02dd28ea4aa9f,0.498,0x9b8b24e3d406627984eb3782f358ac00431bd93a,0xcc5dff8c6ca0a68a49673a8c149e728ae4667678

2021-12-04T00:59:25,0xc2e711d53e5cc79bc7dcfa8096f385143db3ed4b5836d57788fdab3308d9a7c1,0.499,0xc1439e2a7eb64de0223287a0389dc865f4d909e1,0x14929281cb3dc7f7e47c95a977c05ed4b85489d0

2021-12-03T03:05:45,0xebafafe9ebfa04d0ccba26d5e5f9fc92f3012ed189ac5802816218c51c892980,0.498,0xdeee65a285c08f67bc8400b0a0eb5c24682adfed,0x5fe9cfa5cfecdc333eb102d219b4e77eacde9828

2021-12-03T00:48:49,0x91eaa05a05f9ca5a4b5e7e28dc45ec747ab6c24e0cf38e569839b9918767dc66,0.495,0x10d353e25b4e15ca69ef31eedb8df31e637d5a95,0xab6ca2017548a170699890214bfd66583a0c1754

2021-12-02T21:15:22,0xaa72087c0e9518a7e93597410c0c3b7a044d908bc05de67d514aa22cf6e30d0f,0.479,0x4e2cb2ebe7299181bd982d89b352e1e6cc00e0a2,0x19010d5d3db8658af6cec235177d475a1839a89e

2021-12-02T17:57:36,0x5fce617f65188bc7689ca3dd72f03c07dd3bf2c8a484b064798e5061a8a5e96c,0.45,0x3e64014d2d3f0c3a3b0404110cea9060b4565e61,0xea40a159a1430a9422f1a66f11ca9dfea76d80e1

2021-12-02T03:43:33,0xbcc207792821901d3c830209291922b9a93c40d9ae47a3c571ffd436f426655f,0.4,0x57f02141f2d91a024032536ec61c974be76eb7c9,0x7047bc96f206b2ccbaaa5a5b5124e86c1ec7c81c

2021-11-27T10:21:01,0x88686bf3c89e73f399d62ceaf2cc508630db7058993096d083c398c7d83e3b8e,0.452,0x961d12c4c8af611bc0ca5804b2d261155b385aa5,0x074396d67d04c48fdbef50af95df216185b63cd5

2021-11-24T14:11:57,0xb53fc8c4e1f8a5bac39a3ab2e41a1304b52fa2f927c5bafdc397a53e24aba1d0,0.49,0xde03b85f9b205a83a3741196bfbafa02eb6bb797,0x22b0e277e5348c406eb6ec9c82b379bc82c23922

2021-11-22T21:00:19,0x9e2df1e41ebda34cecb4401e9c7a01e8bbc4954333aef7f2e39ce6bed332a7b7,0.49,0x5a6e40b29bf20e4f60e7becb571af5ad5796a3c4,0xe39e63d8a85d3ac4f4c27853315de3ab4c3de3fc

2021-11-22T11:48:41,0x0f4b6ab229475a7c3c00163a5dc6492a804df6ee15a5e6cc2360f4d6a0759671,0.43,0x1439b4d5a72343b68f12398c649df99d76b2af53,0x06db9e37bce45a3714265a5d69e40d2bfacba97b

2021-11-21T15:39:04,0x5648fadcbd924fe674fd426a83bbc4a64ae17255a40ebbdd110363e2513d6f4c,0.45,0xc1dd262d5dc040e9da5a8e13768ee3fac6b21e9d,0x1439b4d5a72343b68f12398c649df99d76b2af53

2021-11-19T00:57:03,0xc584b065093908a73dbdad29ca2232b7196334bece6aa33ec965e5da5c57952b,0.694,0xc32c0022ce7ea8b571165c29f84763c2791f7225,0x5c95a4c6f66964df324cc95418f8cc9ed6d25d7c

2021-11-19T00:04:22,0x1bf10a7cfcfd5802382882f9ddccee035360f72b44a5523bbb26fa6d74b98972,0.64,0xbafae6afa1f7b0001860f627354130c859031b76,0x0c3699715de1739ef5a8a0f3a667a7092ee7e0b4

2021-11-18T23:24:03,0xe4ffae15a6975a5825b48d07af182dedb9f6c181eba33d71961c480f631b72fe,0.5,0xe56967527355108cf4d826c0ce2712b5cd118828,0xe90544460377e4702f2ad522fde70baab26ce21b

2021-11-18T22:42:09,0x12f978785963dc0e5be125660553d4ccd524ec55c2a7c504456be4a0a475916d,0.4999,0x4ec741b83ec1f0b491152904b1b8383c2975031a,0x5e59ac40c4d661e55a97c317a5002bf6d9e7109c

2021-11-18T02:53:13,0xb782aa35eeb0ed4ba999b1ad9be90d5296c7712bfc9b9b7d46a2a37ba913bf3a,0.4888,0xdad5eba92ad2bc791994ff0c9f4facfc6427354e,0xed748167745444646557bdf2989d7b4dc1c70232

2021-11-18T02:43:21,0xeed63c342ce746c9cc739d62d9650659340ab3881a22fa3ec2a27a366a701ed1,0.499,0x2bb68c26e75b01d2cbb9b1d71432fc53c4c80350,0xab4273e7137f9531fcb47d558d9bab0e726e6937

2021-11-17T09:15:53,0xb55ef9d2b0a05da8c6d57438125e88008f5abe40d0dfa00d8d40bb5189d38ce5,0.46,0xb7dc1c26f1b893d4183d8014e341d1c6feb0b257,0xdf0e6350da24ebdbe05fd800b37500a87fee030b

2021-11-17T03:38:11,0x719aa0790a9e10e62725b563961942b73100aa241f62ea55ae19dc9f1659ce7d,0.45,0x75e1bec21ad7c4e94cc4512d876e52f0b7293820,0x7047bc96f206b2ccbaaa5a5b5124e86c1ec7c81c

2021-11-17T00:08:23,0x975cbb2a9e66068267d8900926daabf7801900be9fddfb6592718801ac8d24d7,0.42,0x38fd0b5e45cce5dd2e84776da4b0a88fdb8b2ee4,0xe400a85a6169bd8be439bb0dc9eac81f19f26843

2021-11-16T15:38:37,0x9ea7a388cc5cb094b5356d53f40f199929ba13256ad9b1ce26b9bb17a7ecc99b,0.5,0x1a61bb6b6a59d8b06f27633c32ebfa917e8daeef,0xeae59ddd04014542e3d1218d966b5addf36b98bf

2021-11-16T15:19:21,0xb015a9a672e84907059aaf76c56c89f38d1f819d4643002544af538bc1778f46,0.5,0x1a61bb6b6a59d8b06f27633c32ebfa917e8daeef,0x10d353e25b4e15ca69ef31eedb8df31e637d5a95

2021-11-16T14:45:50,0xe5ffd4a39e8cf5a6d7c4e4641bcc5ead34e52570bf19718edb78ed4ab1315bb8,0.5,0x9e1ef34c00666ee78f098981f240dcea19591279,0xb6cf854a99af844a29d92f57b8e1cef1dcaf3a6e

2021-11-16T14:28:18,0x82ee7b750d215427bc26af8ec83ff0a66c5be154e785b6adeab9f5861a5b83bd,0.41,0xc9d42afc4f867c4c3f28e78ae50e65001998f5e9,0xc1dd262d5dc040e9da5a8e13768ee3fac6b21e9d

2021-11-14T20:48:21,0xd5702fe3f19003ecadd5446b309b33977051c7c3d0e26743ac4d2038ecbd77e1,0.69,0x3635b3d38b971ed37b17e6e1ac685af87bc8d930,0x462a7c08f7f6dd914f913cd82b4d5f16d1aa350c

2021-11-14T19:58:12,0x391393ddea7985fb0650cc6607c42b07cffd7d1a1494c0ae1fd76ffd6d357efc,0.501,0x7f93b033d18dca9fd2ba4cbf2bf73a2df840756c,0x2bb68c26e75b01d2cbb9b1d71432fc53c4c80350

2021-11-14T18:34:40,0x91d86ab46d5616c7caf914018b7074ec7cae78c32006f2a6d3d132158f494403,0.69,0xf532920bb32122d6475ad4cc7634dc3a69631902,0x5a6e40b29bf20e4f60e7becb571af5ad5796a3c4

2021-11-14T14:53:23,0x474f5d50e5517443e0d3208ef29fe562380a977947fa48981cb6613c04d83527,0.7,0x35f0686c63f50707ea3b5bace186938e4e19f03a,0x1fdbffd0d8e237e64e68a904c2a6f447a1ad5c90

2021-11-14T09:59:10,0xb17f28d62a6d4f9fdd49041597f680778e063eeb2bcc35437141dc769da5892c,0.7,0x35f0686c63f50707ea3b5bace186938e4e19f03a,0x9f1f7957c0456157485a0fc433a5f86403055432

2021-11-14T01:09:57,0xdba6f7d45dd106a1f8d04b3084772f3cd31093ccaaa870fa7a202501e28112f0,0.818,0xb1b455967c25b2f4bd5ae9bea1c643e8c4f07ee6,0x73524bd95c9884c9f274229957d9cd67460fb38b

2021-11-13T23:29:08,0x03ad85f5a1a0f69aed04096783f32567daeece06ed103fd55bbfd9a311314b86,0.75,0xcb1ec568f627e4766463fc3b751e8fd400afc6ca,0x5c95a4c6f66964df324cc95418f8cc9ed6d25d7c

2021-11-13T08:44:26,0x200d2adc2099e8b5c9d764a1d1efb776cdb17656206c5957f759f5e7ca6803aa,0.85,0x61d6b3b3607c1376014373bdac903318035a27ab,0x3d4714e10f17a17bc4d2de4c5ee0cbdf07de351d

2021-11-13T06:34:44,0xeb37c30109e623ce6669182f69cdc9f4ce09168cfe2bf0c56a2c064c40555e3e,0.8,0x7cf703ac5f9bc457ae57268eaeacb8446b5ae439,0x61d6b3b3607c1376014373bdac903318035a27ab

2021-11-13T05:46:22,0x0ba271b74653f7aba18620c3dfd78f326cf4cf1554d4b3eae96188c151672b44,0.69,0xfe4b4481ecf8a0c7c3376c578384158c02dfa64b,0x961d12c4c8af611bc0ca5804b2d261155b385aa5

2021-11-13T02:36:49,0x06cd4d2536023ff125e304f0d5d0b6be9bd972183cae03923d94d411fd193192,0.82,0xf532920bb32122d6475ad4cc7634dc3a69631902,0xc42bf2a3acfa4f2ce8e772a6e05383d277920ce2

2021-11-13T01:00:38,0x97be200fb31a9617e9036781b5c61e4793448ab0141850908713a7fd2d350d3c,0.825,0xff0f2decd8b5ef4a467510c353d1b56bfbfbf3c5,0x3a82c74c57342de86b09c185b289f05200078514

2021-11-13T00:36:26,0x4bd7de34da27736c00773303c9543eb6fe84d725590f0a628e27af084762209a,0.869,0x47c2ac06520722aaa3e32d99ec6a2352b48b1b8a,0x3e1ffa5f95dd6218ec4955216e3df532385c0e2d

2021-11-12T18:34:18,0xc1a4ee3778ec052d773788ac3f8cda425957d4e566aa8918e82e727b14ce38b5,0.91,0x97e43918626a5534c49d4b219bad8084aa700345,0x7f93b033d18dca9fd2ba4cbf2bf73a2df840756c

2021-11-12T17:31:10,0xc31ee9f46be6ff2fb88b4752592fd3020a8028f372abf368e80d4f72a849496d,0.9,0x8399455757d5473bc0c04c4cfa53005b29d90b17,0xa387c87102fc0b51939d0cf9a86f7edd05291d5c

2021-11-12T17:02:00,0xa6ae173631185a6df868ee36a23246b4f16f21820fe1f5c7aff51fad5a25784c,0.9,0xf23a873b5bc29d9269ad4a50f093477f4599c007,0xbafae6afa1f7b0001860f627354130c859031b76

2021-11-12T15:57:02,0x20bb55e6a2461587388586a9be5960f81045b33b95a1a583e6f137fccb5ae998,0.918,0xeaab59269bd1ba8522e8e5e0fe510f7aa4d47a09,0x42e250824bdf98f3e450784b0c1cdc3ac2f157e2

2021-11-12T15:23:56,0xaff82f0d8ffdad5d3be4ffd4d82652b85a3cbed8737fe2bba0a05f8bac477688,0.917,0xb3b1a1193a0b7b48b46efc3c86b614b152c257d5,0x3e64014d2d3f0c3a3b0404110cea9060b4565e61

2021-11-12T14:13:28,0x080ca3d9820f425b41d4d88f4e4fb8739edc670bf12a0fcbef394f15de2a6f2e,0.88,0x694eda027342a230894b80960fe29cb8cf3e7f15,0x0b8be030a1d151b1fa722a794eeab43a45b1e002

2021-11-12T14:00:02,0x81b09be2fd2abf63307085f4dab6657f4c4d59c151db189e1b089360e8891901,0.87,0x02c349ace1412e3ee40cc72f13ead686a7f08ae4,0xff0f2decd8b5ef4a467510c353d1b56bfbfbf3c5

2021-11-12T13:52:58,0x244146c5401645e3904d6a76fd2dd58497c15f16a970ae93f693acffb7692f08,0.86,0x1fdb5c972355e9f3b1ab8588aa613b4bfc291564,0x7f692213190b2c5ed1f8db2ea7dfee5df229a0a0

2021-11-12T12:21:12,0x1f6da1e42850a5a76b7142cc999e6f087d3a7d31dab0a307a33ce57a6846db33,0.87,0xaedfa7783784b8f139b0df3dad3b5d268d5fd34c,0x17fa7a58221730075a60a585b3662b8c5a6eceb6

2021-11-12T11:33:23,0xe76c011fb974e15c0677d0ae776216d00edc9ad9b611dc672e72cc0e70466e4e,0.85,0xd5a6c836cf90da8c3ed8880abd2730e217f2bc12,0x8399455757d5473bc0c04c4cfa53005b29d90b17

2021-11-12T09:32:34,0xe5abc084412693baca72b96770ded4b2c72830b7d0cdcc83e285bbd2cdfe06c8,0.87,0x69c0e38b72b7ea3daa6f8c519e7b6e5f6754fd74,0xa36686c1dc37d7a4191bfb36e4c7fd40a00dca89

2021-11-12T08:55:42,0x19151789ed9417369e057938c54b40dfa03317e689d06505178c3324f4437bd3,0.85,0xc32c0022ce7ea8b571165c29f84763c2791f7225,0x3f88b881eeb51d881d0f745ebfa6ca8420b0c85c

2021-11-12T07:29:21,0x0c1e4592e83ef3e2a5001e0beb54b67b5d4b333e8dbe0cdbc3afd8df3494c096,0.917,0xe0871456fa9664ee2463d4a41da50b90e240386f,0x694eda027342a230894b80960fe29cb8cf3e7f15

2021-11-12T07:18:56,0x14b0dab8eb79d1cc86ddc78ed3661b50949ca2c0c7f517b45dce8d50789bbe5b,0.879,0x4e3edee75a2807f00f3c87c1d27beafe0262db0b,0x912717e0658ceb44eaa12d19a18f73a306b8b264

2021-11-12T06:40:30,0x738af0f55643c302178f9bde0e9121181df794bd53723b3ec2266e791670f942,0.8,0xea811d90903039c713fa14eb29e61bac6620fbcc,0x65c888d432885986c9eafcfb05f7cd4b5ddf378b

2021-11-12T06:39:21,0xd7cc7a9f8f46b038e674cfcfa34623e671a337a62011c7a13e23bdaa2c272c81,0.81,0xea811d90903039c713fa14eb29e61bac6620fbcc,0xde1b6dd59a147a5cbd584f5ec2e0954cfecd2816

2021-11-12T06:17:19,0x4892505f93261dca6a55236ce98e73d7c060811ebd7ab846e773a5e7f581d9c8,0.905,0x8bf7aca815e43447fa0c26c15b9866ea508199f6,0x38c39202e3e8152b0467ffad0c080241c7834dae

2021-11-12T06:04:49,0xf84fb0e3e93167cdfab9363c1e5941e9b74eb9e7f2ef2e7f78ab0f4534d0419b,0.85,0x895b6df95eb70309e3e0b91625682f3b92d75c44,0xb75959df7b0dd6f9dfea69b3e1661e7b07b79600

2021-11-12T06:03:45,0x3a4f151756a6754b3b17334416fbfb5359c7c4311af019c3f6383aa6c7d209e8,0.86,0x7a72610aba824163d340f63dff7515a839156b04,0x4e3edee75a2807f00f3c87c1d27beafe0262db0b

2021-11-12T05:38:25,0x7b4383b94768f4a98b1a20adbdf7d48747cc7c262037ba2cfbf72d3d2643accf,1.04,0xf0e751bfb4e1e3157a0789411357409dc8185bde,0xfe0e5b8179419d241ce20cc094150ac4e912ea59

2021-11-12T05:30:22,0x51a74178012057de0248d8850561a75f2e766fa85bcf52b3638261154d21a82d,1.0,0x5fd2c02689d138547b7b1b9e7d9a309d5a03edcd,0xe3aff9912ef2d5b41e44c92f1092648d929bfccd

2021-11-12T05:03:24,0x9d297f7e37fb527395e019ada0797fc4523380586fd0ccae46a512d369a49241,1.05,0xdda5d3633614ce4c92b021736ceda4b766fd139b,0x8fc6d73f29d7958b415f22db1efe96b5481d3fdf

2021-11-12T05:00:56,0x8b40c64cd61894b6e7ae8a0b1cbe30efead33aac0f466dc92476fcaaced21c2d,1.1,0xcafebabe86cbb8534134d96f746dccefcfe3babe,0xd5a6c836cf90da8c3ed8880abd2730e217f2bc12

2021-11-12T04:39:58,0x8df9df36f6744600accbbb95f9bb222d277452985c2216917ef3dcb909e3f9a5,1.5,0x5058af7b827e261a6c81f71e2a3883a91a0079dd,0xbc4fcb613ce1e41db0cb2a9b48d1ae559cd21785

2021-11-12T04:21:27,0x123a0dab3df94474d062de1fe83411e3a85d726495309c710af9dabb6b11164a,1.0,0x6f7aa46c31e9395677bb59ae7f984d9309a969fc,0x8fc6d73f29d7958b415f22db1efe96b5481d3fdf

2021-11-12T04:15:26,0xbeded11f091fb45bfe69f044e8c52be2331bf361ec56325a9bf856c539a369bb,1.0,0x6cc6f59f7016a83e1d7c5fad30cdd8c4cdb4aad1,0x69c0e38b72b7ea3daa6f8c519e7b6e5f6754fd74

2021-11-12T04:14:17,0xbd416a07ba2d74801937452a461003b0f0d567ad10e081bd7ff06c516bad15c0,1.1,0x8e05bd9fa3059ec69c15bc1a6f4d94f0ac26ce00,0x6aeca5721167f9a685ac3881e21aa40b60c205fe

2021-11-12T03:40:31,0x933879e051a80cbefd49b210d7e5b9674a57656cc0eb808d2190082800a89622,1.89,0x022d861f369a3c6202b44901933047592e6f60e2,0x2951361a6182aece4ff1e59340b11e7d3b8aa925

2021-11-12T03:35:08,0x7074e45b6c58100df893cadcf6cc7273f5338430e54170fd1fb29833c7745b99,1.94,0xb8b5709d1f161a353bb5e902c0ffd761bc4d8074,0xbe8407b6c800d1d3529fb9593f431ddee1539f2a

2021-11-12T03:00:13,0x8a2d00d739d916d2494aeb709d310c12bb14cb8c9d8b219d213690b549395f55,1.95,0xe00f8929d05fe81c2ad5e81bf422181abeb3d06f,0xbaea104e6a3691bb1279d50faae8f4ce8d544fac

2021-11-12T02:33:42,0x36701c007a394be95dc26d75765ea086de5a54ad3b2fee6ddff3cf58ce8a8cb4,1.9,0x0b5dd26f44d36141d97a3bf6841e7ba63c092af9,0x132d7688c80935e013668a1a183f9d133853ffc0

2021-11-12T01:16:27,0xbf78a2e5fab58a207673aa772adc3be81dd54b7cac77970840d7d036936ae2c3,1.95,0xadffd51e31a419646c141f89127759e190e184c0,0x1ffdccfc0dadf7c27a679aa740132af837505e2b

2021-11-11T20:38:34,0x872b3153ef6b61c211baa53cf2b21eb51b27216cc2d69d13576cad1b05d6c50c,1.5,0x87decf082d8a7722fccc959e50bd2e2218b09e7c,0xe6b4cd8d3f0de86836f74c9e6ea24325219f2347

2021-11-11T18:12:08,0x5dfb3104093becc439fa653fa17d2d82f970a5f371a04e079230c5cb4b7e3c71,1.75,0xfdbdfd6586a99995e9eacd7126a41cfae8550231,0x46b2bd5c888e6d57a839c559fd6076f2c15a8cb1

2021-11-11T17:37:56,0xc02a114030091ab0fa31430d45e262d16e454215c764d000b650194bd8b301fb,1.3,0x80a2a7f7216515a13992dba1959f2a38860c9e9f,0x6aeca5721167f9a685ac3881e21aa40b60c205fe

2021-11-11T15:30:36,0x736db58e2de9998e13b91d08fcf03b3e868de014cfbc2c988740b3b5d1a6e366,1.74,0x89b7f3c7b61ca77cdf515095ff194df82636f2f5,0xba7343033d435f8b6bee67247832d49634dcc55c

2021-11-11T14:06:04,0xfe8fa2be26a3ea1705e21f85d13daabbc3feb63a759417551f234e924a6709e5,1.61,0x4b25d8ba0910f41ceb3fe2ba48d3082ed12cd8e3,0x0d43e9d9812c0d7c63c7cbe873526030307d921f

2021-11-11T13:15:40,0x51b68fce48bdb245bebf4eb4e9462b7fd0192b502107e1d6bff831da4d952ab4,1.6,0x44fcbcec79e91bcf843bcb14e74276803903d4e9,0x02567d98dba79f6acf3798521fb517aa6f40a888

2021-11-10T08:04:02,0x7283965d42537fe90c691473ce484edee028f3a22bd306fb6d7646ae351f7daa,1.59,0x228f9fd74f35080771a9e858f9575451d3ccf7ed,0xfa43b254584c0edae92e57db903e0eac695908e9

2021-11-10T00:57:22,0xf4f3159dc4c99d5eb3ba707d692f809aa64c31d482177377953dc06299a47de0,1.5,0x011ea68c15f4a8316da45c1e7844311cdd0ba149,0x46e992299fb47c7ae51af7f0e7984a3f7d44a400

2021-11-09T19:07:03,0xb59ef91a29d6886bd19b2da5dd9b9e2dcc76d62e6472c140f964c65d5f2c32df,1.55,0x58d49377c74fe5aa1c098d9ed4161248b73faa30,0xa93d3b5d86770f8ab2130e30556a880be801a994

2021-11-09T07:56:24,0x61bf0b564cac3d34c9b843470878e2c5697ca52e12015483ac228ae9021ad259,1.55,0x3e64014d2d3f0c3a3b0404110cea9060b4565e61,0xfeed2eab7fc2c43d06f55ecd5ef5db5f2fe77935

2021-11-08T21:30:23,0x21d3cdf501d47cb1cbe2b84fceb56157caafdcfb459688236a739fc257cea711,1.59,0x750a31fa07184caf87b6cce251d2f0d7928badde,0x4b25d8ba0910f41ceb3fe2ba48d3082ed12cd8e3

2021-11-08T10:57:35,0x6baeb8d7619688e5cc640b353639214d88c6040119d40ec1a2ca4f4fe82057b0,1.65,0x05c232ce5bcc9bfdb838b41a7870aea5e4fa0fa8,0xa698cade532bf7491f0f887284f8e10e2de97198

2021-11-07T09:24:03,0x8e5a5320cecea1d21046e07337ab7c25c94a4fc8760e6fb1022e2af7596ac9a1,1.749,0x5c95a4c6f66964df324cc95418f8cc9ed6d25d7c,0x90339c3d449b908eb51ba9a5fc42ef2dc170c0a1

2021-11-06T09:03:49,0xc1ac7d54eb1aaa05ade36758b1cf87484f6dd3d657630e8fdd48e15a73e31146,1.75,0xb8bb385c2da2f64cdd2f6c96be6d3a07f730c4bf,0x56cc55985dcbcc788938916293897e2cfd34e7cd

2021-11-05T21:02:41,0xe8384b7bf633c9fa9f624c198ed43d23bdc4f4baa898d8f12db0295b7430ea9f,1.78,0xbe8407b6c800d1d3529fb9593f431ddee1539f2a,0x078ad2aa3b4527e4996d087906b2a3da51bba122

2021-11-05T19:19:03,0xbf228fc04896e78fd78f7f9b15234eab64c3e8eb24da538e995b31af9de83d61,1.75,0x6572499325fc627603e63e682f8dd21a52c15b04,0xf5e61f60711fb56196205d33d89d77d9250e0de6

2021-11-05T15:21:07,0x1242099457e8930209c4c5432f9db3ffa35bb4ee6258bb3f2da7dce1fe8a9d5c,1.94,0x6b32ae7f5db70749543ce0cd4932abbc501a7f6f,0xe051e0f69dde28f263fb2fbfc056a34e42c6570a

2021-11-05T07:04:06,0x3e3ec40c519f01069ed8f0fc77b39e19e8aa7b2ea04ba7bf0c7d7a888b5363ba,1.95,0x1aae1bc09e1785c8cb00650db0c6015bd73b0c7e,0xdb148d8d316390bd47e1851cf1bd7f21a93574a3

2021-11-05T07:02:49,0x12ccfdf551e6ecddb11cbf0a7c167eef5f98b994752354c4dccc6fb3f84d947e,1.49,0x00bd53913a82f36e5796ed7d30f1b2a15cd31c20,0xdb148d8d316390bd47e1851cf1bd7f21a93574a3

2021-11-05T07:02:07,0xf8c8a49d222ae4e5e70cf9887327ed4b9068ca265475c6a86e35e77cded3a94c,1.45,0x0f278c56b52b4c0e2a69b30a0b591d237c783907,0x3e64014d2d3f0c3a3b0404110cea9060b4565e61

2021-11-05T05:35:26,0x8c038d2c4b3f8c2705e67cb8c2786ab5588508922de00703a728677ccfc759d8,1.4,0x4ff700d2d4097f2a805a0effab90146739514d68,0x02567d98dba79f6acf3798521fb517aa6f40a888

2021-11-05T05:34:03,0xa2a4d20f8f8764a01893101fd1657863a2b36591004c1fca04d082cfc23c4665,1.35,0xd387a6e4e84a6c86bd90c158c6028a58cc8ac459,0xf0e751bfb4e1e3157a0789411357409dc8185bde

2021-11-04T19:45:01,0x90813158c867e0102d5b8a2c2d8facc4068e3ca8153aeb751d2baf8728bdf1d2,1.3,0xd296e124b9bfe56d285a66c3f8306aeaf3c78465,0xd0bc1f46e3f2dadbbd66b1c557caafa52a1dba81

2021-11-04T16:33:38,0x0bb6a7de86ef883bb6a7527c21501795adeead69e2edc83b3d2af5835c8301aa,1.25,0x49c4dfc5367b42f2445621479dc9421908414402,0xb8bb385c2da2f64cdd2f6c96be6d3a07f730c4bf

2021-11-04T12:31:52,0xb25a210398dbca6f0a9d630c45fc0bfd0717e5ff0f3b914a72b1ec6fcd7f9dee,1.35,0x16c44e06697a661f2b78551d89616088363bc072,0x18214027318ebdcd9e7bc5b0b9b07ce14c691ebf

2021-11-04T07:09:42,0xcb90732f47d7ecc34d4e496de1882f214304be6350a06267e7726634be30a51c,1.25,0x3e64014d2d3f0c3a3b0404110cea9060b4565e61,0x02a76e34f224fcfb6faccab1ddb6e91cda7c8d5f

2021-11-03T00:19:48,0xb28097da2ac6a8955c22a0213ce707adde2c7532c5f509b1eb3bf1703654f594,1.35,0xf43e468e6e39f490e7198cde92c6995e843ef4c5,0xdf0e6350da24ebdbe05fd800b37500a87fee030b

2021-11-02T10:46:04,0x9add201a50e8ac37c43e94ce2a113aa3f8bab769da2ff5ec48e1bf0c23bc4998,1.25,0xe793b3549bf6f293151b2378a8b098ad00c4653e,0x31e4a3ef430a729a133483ac783963ce41ceda3e

2021-11-01T00:32:47,0xa7158c35ecf02cdc3fbc7567736f34ebfa47eb9debde070413b725bc2aa7d3c7,1.35,0x398feffa60e709ff1ebe26a396ef4a604cf06fdc,0xcdcbd44526006122306293e4e2ae7f2d7352363e

2021-10-31T23:24:45,0xd1d0557eba1d1df1bb3290587433b77964a43e2437a91638db5f7ef5e86e01a8,1.21,0x9b1ac8e6d08053c55713d9aa8fde1c53e9a929e2,0xa7ad4296d9f41434d1982a4c4cd98df88121858f

2021-10-31T12:07:05,0xf9354a4b973f21219354bfda915e9ccad18bee2d492db590ef9da9970488793d,1.25,0x987d1e48be6e381169ffb875f02ee4b6443ad2e2,0x3caeac7ff83b19f4d14c02cda879c4740b4f0378

2021-10-30T13:37:35,0xe67565aaa5b2439316ee8c7add1eb11d2dce1ccb8ac4dfb2acd673ce373ab371,1.21,0xe5adc16005029a5b29036ca0eb8414c5e85ac832,0xa7ad4296d9f41434d1982a4c4cd98df88121858f

2021-10-30T05:46:04,0xa8f51d9caee537856e182d0439fee56d017404c4d0a4fa38953c3a0127310f1c,1.41,0x18799f860f9adb26e076d581603037f79342e0c0,0x52a45ef0e7dcfd0a0a0c9c1855355891c727cf34

2021-10-29T18:10:26,0xa3d1897788e6ea7900ae8819c21224fcee092b57c75782fea2020e2229141405,1.5,0x9b0910f09cf0dd1778730f4cef2eec8d233660c9,0x8177598e08ee8199c160a48c7a0af31ab54bb59f

2021-10-29T09:44:29,0x228e678a065ea7c5274db65c0b4db7fda71c7993903801853d9be52bd48c50c4,1.55,0x75331ebbe0b00b97cab532384f13c9b479f074ec,0x7b41f235e12ae2d3696caae3f921412d7c2fca2b

2021-10-29T06:38:05,0xc2978f809fcb73156897ada710705b9f2de851741875b2a0b717bf09fd9afff8,1.75,0x94c89905e8102a02587ab4de8c995364bbb6a879,0x495a646d10d82cf9de4135a3b4b64d028aa19c81

2021-10-29T03:28:32,0x3c3cdffc380cab067de5ce0407b21a1b9f0a987e5248160989225f60959a055b,1.56,0x7d1a4878120110d6201182acd43d95779a716749,0x6ccc566d56645b2867baa22db0eacc7532548e4a

2021-10-28T10:30:48,0xf0220af97ee8dca85d3dad16e944bd1ffa7f6be82a869c825d49b5de67eefe33,1.9,0x17e72a77a84c2705e77c686a3f756ce9d3637c58,0x79532a9262259fc38f687e956df64720a750e917

2021-10-28T07:55:07,0xde37f00594fda52a251d364da712ccef5b82155aabb9d019303d27d43fe1372e,1.84,0x9ab70fe9c2ebb21fb102c9b654602f7c53c4e612,0xdda5d3633614ce4c92b021736ceda4b766fd139b

2021-10-28T06:00:57,0x8368fed57436d4cf6187612673b75e49d1a89d4286ad5569dbfb917d8569ad1e,1.88,0x27f7ba6be627ab03f9c763f4d09d44f2432d018b,0x3b3d5008e09451935500f140369c21c779707470

2021-10-27T21:28:57,0x1ac706d98b19871ee9e40d8fe1c90f13ca932509905e564e92ec35c6ced83cba,1.87999,0xa48ae1c287fa6de4581ca3e00f0a481a1ae80778,0xdfb10833e43668c9558c4460da5a07ba53526604

2021-10-27T20:53:49,0xa3109ddab13f19fb8d545ea8d4846f853f09ae714a8c8f41ec94bb9485f7b44e,1.88,0xf5adbba0c9c6d57b0c34fae0563767c4bde5ca22,0xdfb10833e43668c9558c4460da5a07ba53526604

2021-10-27T18:57:38,0x90b4051954ee6fb452caf10dd65706e3e352e400f006418a0038053ba5b8a352,1.875,0xd396b4b319995b2227f3abe3c170b1affa16dde3,0x3a847fbefb433ce75f22dfc2bf18a57058c7ef02

2021-10-27T18:48:10,0x659453a28903b92445395bde5df8238d151b9909b042fe36ce1723467375f6d1,1.85,0xba96896f1971839ab260b3c9053f1cacb8e55039,0x144ae423aeb55901d01d14bacdcbf835e1209cd7

2021-10-27T18:45:39,0xa01de1a41b345f83f49f31897a77db71e4d4a16413ae0974a3a0b7287ea184a8,1.8,0x7b41f235e12ae2d3696caae3f921412d7c2fca2b,0x18799f860f9adb26e076d581603037f79342e0c0

2021-10-27T18:36:19,0x6bd19835ca99f11becbd46bccad1e98eb08025483b923222c4d2f38936e59f42,1.79,0x902bfdfd5e11e41aae171b585c93ed7a8f194b31,0xb7dc1c26f1b893d4183d8014e341d1c6feb0b257

2021-10-27T02:42:32,0x41e35759e1973acdd10fe00270d4384edf2b3d70d8ade36588364fb5753a4f78,1.79,0x07c5c23c540f9d396d5cb4e6b36377f73e8ce1a9,0xf930b0a0500d8f53b2e7efa4f7bcb5cc0c71067e

2021-10-27T00:16:31,0x968e27e4570457fa70e12eec07cf70ad79f74661db8348495229a2e09e399ac8,1.7,0x2c3474bfe64cd9748be69d24c30cc91639265e68,0x4444da3cfa07c77a8977da1275723a8b5deb14c8

2021-10-26T23:25:33,0xee7c36dcbf967c1576a585a89c2b49975ebce254acd7c559fb3ca4dbb0cbc026,1.7,0x67e02f84c3b82e04ce972911bfc82f3c595bbfb1,0xf84a5fd946a7714c6d48508fa8292c8c5037b5a8

2021-10-26T09:25:03,0x5a8338f2b781a06ffd49a4e7f979e6ff2f5b482551ff3fa19479d8728763568e,1.48,0xbeac51d7b236cd18f18b499bd97719bfd7907913,0xbe8407b6c800d1d3529fb9593f431ddee1539f2a

2021-10-26T04:25:12,0x618f6030c6ac18debf7fe30a744ab679160003ed2ae617bd31b0fe69030d7952,1.4,0x246fdee8bcd65db79fc1f4a1104f041fa6c94c84,0x5cf27815411d0eac8eb726e7227fe09828a85780

2021-10-25T22:17:53,0x8ffff0d7e69dfec09073817abd7a0631148708d38f7751f70f39a5955e25fe75,1.32,0x51c3b8e1309ef11a8db2a499e5f1893a36454dce,0x6849536eedb202f00c053652178e4b8dc1c5c1be

2021-10-25T13:43:04,0x189295447b44985193d9b8b8ce518c220c5efd7001151fc4689f27206269afa9,1.3,0x26cfd6f7ae12c677aff5e0ede78d85054a9351b3,0x03ae1ac3d4e092ff635fb8314f19a70049bb80e8

2021-10-24T22:04:15,0x045fbfbb7b6dfd1619efda31a7bc0def270d2d14c7c87778c743dca07d00d1b4,1.25,0xe00f8929d05fe81c2ad5e81bf422181abeb3d06f,0x738c581921325e19fd701c983231a4c31c0a90a0

2021-10-24T03:31:08,0x021a6a6920bd1f12575182a64a3884b7becf69a0796896795970c195dd7fbe60,1.3,0x51c3b8e1309ef11a8db2a499e5f1893a36454dce,0xb190a2ad409387e20000e197bceb3dc7c21c1e4d

2021-10-24T03:08:46,0xe0b7ddb54d66a685e3930ffc64a01a1943f967f5f65eb9b230e07937d8d06cd0,1.2,0x51c3b8e1309ef11a8db2a499e5f1893a36454dce,0x57f02141f2d91a024032536ec61c974be76eb7c9

2021-10-23T16:11:32,0x217b92ddd49c5153e70fb8fd596389f574dfce427940b2dd740853d21a021fcd,1.399999,0x422e1e16345377f809c79ad9891e73d932e00514,0xc64aa0781e6db99373245e93dd6419447bec8815

2021-10-23T11:04:02,0x56bec792bfecc8ba490bc64328610a79382d62b6ad7af8f25579d8ce1e1da737,1.2,0xdda5d3633614ce4c92b021736ceda4b766fd139b,0x7b41f235e12ae2d3696caae3f921412d7c2fca2b

2021-10-22T22:59:17,0xf62141812bdf853ea045a53b0795ef1021cdf3ae40c52477788ee87f86777b9d,1.4369,0x066fe3aadfa0aa8b97f444bcaac942d80286f278,0xd7e2efe8d644a5fb5ccf0ffeeb79378622eca227

2021-10-22T21:34:28,0xe1fc55fb01ccbfbfd542289f7d8b5dceae03adddf7be691d967237f205e19a99,1.2,0x51c3b8e1309ef11a8db2a499e5f1893a36454dce,0x4f1c249294f87e8bed08e8f6052a8698a5dc2730

2021-10-22T12:35:13,0xa821e56fcbac69ee28d09f722371744d92fc5f89ec51744f7906e2995382dc93,1.26,0x51c3b8e1309ef11a8db2a499e5f1893a36454dce,0x1447b49b636cb1fa24281efcd66aaac44188e3bc

2021-10-22T05:21:07,0xf8bb5cd98358bfc671b344a4298fa00b36a25e91d41bd9ae30cd4785dafe32ea,1.2,0xc9d42afc4f867c4c3f28e78ae50e65001998f5e9,0xce736576a5e598ab7603792abbd50578a3d0fba0

2021-10-22T03:15:24,0x64c9f4273b5e7a8a881d5c2b2bb76be4b1a542e3c873189aa02858afc4c26ad9,1.5,0xed2f402d5a4ac5b0a3fc14ac6d37f8c340410374,0x88004a0f6e7dfc2ef21c49b614eb0a3569e29525

2021-10-22T02:06:13,0x0827daa3dd47fe6a9a5c746b81b5173ccdb1ccfe352f97a7a4b8e3271efb0794,1.69,0x5b6a8b298daba526ecb7f51a517df1fc26098327,0x6eff21c2bfdf83a33aa690fe3db17fc672244907

2021-10-21T22:37:58,0xd4e7d90e88a8dbaf58a6e206f9e746736d9a9d84fed3249e6d050374d97edd01,1.5,0x42e250824bdf98f3e450784b0c1cdc3ac2f157e2,0xd296e124b9bfe56d285a66c3f8306aeaf3c78465

2021-10-21T20:13:59,0x5d94a784503d859628ff05f8857093562e10bfa6d0ca0a114c5b5a011ac15791,2.25,0x35aa3f733958b7416669303945093c98819f77a6,0x45f2e08b35a959a87833c57c4bacbf58f95eefb7

2021-10-21T20:10:08,0xa9a44701ec183d75a2f62fdca7663fbcdd8c45f553bee974e9c0e2492ad23329,2.125,0xea811d90903039c713fa14eb29e61bac6620fbcc,0x75331ebbe0b00b97cab532384f13c9b479f074ec

2021-10-21T19:47:50,0x5999b50a6ea72737bdd9475c15c1bfa4b6d0070d4ab2593f7fc35be356a6d93f,1.969,0x60b1f3f01b00c9fe236c25714d72939e3109f8ae,0x8e05bd9fa3059ec69c15bc1a6f4d94f0ac26ce00

2021-10-21T19:46:44,0xec289a1e10265b55d10b1bbef3353d25b25c297f57813b8ead89348067cffb3a,1.9,0x52108700662f865f1ca3dc484888a76358a83aaf,0xb3b1a1193a0b7b48b46efc3c86b614b152c257d5

2021-10-21T19:44:43,0x6265204c884b4664beb074bd5f72be6945be1b1f1343dffb2b622712fd7c936d,1.7,0xcb190ba670383390005b8ec3ea66c3b67b99d064,0xc9d42afc4f867c4c3f28e78ae50e65001998f5e9

2021-10-21T19:43:48,0x3db057105edbef68a0dcae1c16b5e4a6657f45f974f968c814476965e5b545d9,1.65,0x774237c2a8fd84c0d4d2c97cb03d3b6c87cb0431,0xc9d42afc4f867c4c3f28e78ae50e65001998f5e9

2021-10-21T19:40:32,0x657d0ae46424feabe2315d3f5d0d103d00e48822883582a06c38ddb31eb63c80,1.598,0xf97abe183dfecff29275fc4ad8151489f8167ce8,0x9b8b24e3d406627984eb3782f358ac00431bd93a

2021-10-21T19:29:09,0xccd1388d886a2a8ec741cded40251057e86b689990a714a376c94303fa1283fe,1.5,0xfdb4fbdbc726e034a1208d7ca279a7d2cacec666,0xdda5d3633614ce4c92b021736ceda4b766fd139b

2021-10-21T19:20:32,0x8f64427317cbdcc545682105eb98bad8ef7255b40dec6eee68dc2b5045848406,1.49,0xa74d432e64cfe63e1252341ae7810c6f902595c7,0x80a2a7f7216515a13992dba1959f2a38860c9e9f

2021-10-21T18:57:20,0x731da10fc3b8ee98911dcfcb0199e76660b4323dac0a2776bed00388375a305f,1.39,0xcafebabe86cbb8534134d96f746dccefcfe3babe,0x02c349ace1412e3ee40cc72f13ead686a7f08ae4

2021-10-21T18:56:39,0x64419e39ef4bdaeb03e4bdc9b50c091514427382acb8d99ede6cffac4d64b86f,1.338,0xa7a35562ca3cea43cad09c459b6346b0e55e578e,0xf23a873b5bc29d9269ad4a50f093477f4599c007

2021-10-21T18:52:54,0x995a4ef11e6fb0004140ae4342cd1b28b01da4a1e2e40d53f95decfeb3af58d6,1.22,0x92cda61af3e580f257ea923a3788f235caa2d467,0xed2f402d5a4ac5b0a3fc14ac6d37f8c340410374

2021-10-21T18:50:41,0xac72b99607bb7f3189cb8f45bcea9a1494052532102a8761e5075ba9538edbdf,1.219,0x367e2608911fb42ce3abd3d25633a8e8bfb59526,0xef15bd3f923245b24d64d6fbf57f036fe650c23a

2021-10-21T05:28:45,0xf96564fba3b9153c024bfa0e6acdd0edecc625c747c14b9855e31465b6047171,1.0,0xe6dcaa02967202b9749bfe802efe312fc103cc33,0x1aae1bc09e1785c8cb00650db0c6015bd73b0c7e

2021-10-21T01:00:40,0xf0d63217149cd41639b77c79d0e4eb1d80a31be58209bf23efbaca5b323d19c0,1.15,0x75331ebbe0b00b97cab532384f13c9b479f074ec,0xd5ffcabf2ba93b4c30698b0398dfbf1af3163a61

2021-10-20T21:42:26,0x0b52d6ff21623bdd01a4306c26a15008b3e833ed40e883fa3a7210233984e1d7,1.2,0xed2f402d5a4ac5b0a3fc14ac6d37f8c340410374,0xee516142fdfc3066e096bbf4afd35f00aedcc2f5

2021-10-20T08:24:36,0x5b583dd1950edf96bcac572f7c4071ab44ea84b1123448aa3c674d8a3538776a,1.133,0xf97abe183dfecff29275fc4ad8151489f8167ce8,0xc6783ef814540c0b6565982febbc0fc5bcbdd1e6

2021-10-18T20:16:29,0x0d3cb62774b685798576738bddf314c3b3c74dae9b8426d399e1fbb7cc0ec914,0.966,0x3a1936de5cfd48044f833094cb468cb56a0f718a,0x92cda61af3e580f257ea923a3788f235caa2d467

2021-10-18T17:15:18,0xfa2613da7008b43eae081a3d454c7d7edd93aedd194b66005cbe73d13ae1705a,1.25,0xa7850b28d0c06743287c7f70f813b3f7560496c0,0x7047bc96f206b2ccbaaa5a5b5124e86c1ec7c81c

2021-10-18T06:59:49,0x552e4ad8a6349a635c5826e99e1f976fdd81d579b06d0fc2c46d650c05c4bfea,1.35,0x4ec741b83ec1f0b491152904b1b8383c2975031a,0x0f5b24ce9d2900a9eeb49126d9e930e99b12b9d5

2021-10-18T05:51:47,0xa402aa19f0abde76cb3a5d30a5f4eb7c076257448e162976be6370276d1b655d,1.18,0x0bc44345821219ac70102ad29c57a2f0ac2393b1,0x36ed861a319278e5b6c39028884b0ca93df105d0

2021-10-17T06:35:52,0x4484d2875279d5b2972535c33a211f4bc0d74608bd227e82a62b53e9495f2331,1.2,0xbe6f5437c3c73fa238628fb5da61a1a07ea0e8f5,0xba96896f1971839ab260b3c9053f1cacb8e55039

2021-10-16T18:23:29,0x082774a17ae7af0a7200751c7ae41439d3ff7a6785d3b07f00ae2475db0b8a90,1.5,0xc6783ef814540c0b6565982febbc0fc5bcbdd1e6,0xa05bca6f6d9c0bc2c3a597ac3f800eaf502aca66

2021-10-16T15:35:39,0x029a3a42c57cad5d6d04832e43ffb88a4d6c43dad87806e4bafb195d42673091,1.6,0xf91d4cf33a08abc1227cfd69fc92c2b1df9fd23c,0xa4c8d9e4ec5f2831701a81389465498b83f9457d

2021-10-15T16:43:11,0xb0b0afe2deaa3ee84001956eb982111cdd9da92e0b271386bf669ae5691140c0,1.6,0x639c1f7b5449536f57b2f8c923f3f9f88fd40331,0x886c91233baf87b52059141b705a644a0d2059af

2021-10-15T08:54:38,0xdd53f44e1dc7b6a744c1e6e04d5d315d23ebe138ac5a9af052b32457520faa42,1.5,0x3ba879a8ce1f788d5e4cd96dfe6a3286659cf650,0x6904dfa88d5345dc7e2de0e1eba32a6c1e672b93

2021-10-15T05:41:16,0x8bed7679ed8cb8450d53586c976dc4f498c9f408870351e44f73f273f5754b61,1.25,0x2e9d920b98ab9f5b98fc6d4df2bf750a1ef59b8f,0x0938c0a225f59f9ae4f2db1d7be7aaee75db6654

2021-10-15T03:19:40,0x7941ccf2b6e27f83a255cd378ee00683046d147136cb62ff99441e079e6e754f,1.28,0x88a72b209091f4a4ffa3514e520adbe124ca269a,0xfdbdfd6586a99995e9eacd7126a41cfae8550231

2021-10-15T02:04:26,0x14b25814e91d82203621244ee7e263b4103a7a58ef6467ee243609de228df85f,1.32,0x668e961736454a2444adb485340cb7f0844ddd3d,0xfdbdfd6586a99995e9eacd7126a41cfae8550231

2021-10-15T00:48:06,0x335c0f7db17f039dda28be8b4737bf99119619e94cf23ba51bcec6d38226d7c8,1.599,0x28cb581c4dbf4cc3c26a18912c3fd9235d452d27,0x1a61bb6b6a59d8b06f27633c32ebfa917e8daeef

2021-10-15T00:33:53,0xf7c77a787474bd4c1fcac71e73ffc2951a069fe5fd0e6cbe486ff7de0beb8801,1.598,0x28ac9e4eeca87b5310cb64fbe8ff22f498deae07,0x6f69f79cea418024b9e0acfd18bd8de26f9bbe39

2021-10-15T00:15:07,0xd6d128ed7c9e1d90679e6df55176ce20cca45de3c543d601064cc96c8dea9002,1.598,0x4f2afa8fc8364f22be45dbff92332f34154f9f6d,0x1a61bb6b6a59d8b06f27633c32ebfa917e8daeef

2021-10-14T23:07:25,0x31dee3d2cac82f3dc35f9a1909c25bc3af5c143bd18e416c839d43e7847385f0,1.55,0xc63a4fc7f78bfab4109b367427ce395dee75e411,0x4e315e59617f1708dcd4852c79add89d251dae09

2021-10-14T21:09:08,0x7ce5a41ffcc1a53b88147da3dbf3f9fd03a8b63f760438a38ecb9690539dd823,1.3,0x14929281cb3dc7f7e47c95a977c05ed4b85489d0,0xa74d432e64cfe63e1252341ae7810c6f902595c7

2021-10-14T19:02:58,0x80add3247bd74ccc14050044b2f1f51488bc2ac0e7fb9fc951795c8d3de05a95,1.48,0x8955c5b0b4af3d023e4baedc9d230e9a61bcc8d7,0x5c95a4c6f66964df324cc95418f8cc9ed6d25d7c

2021-10-14T18:43:15,0x93ecb0d1e7315b1a4addd2018a7e88c13aab56e4819f00c1696b237260b49363,1.3,0xb273d16ad405d3680a715ef8c01cd5bf2e19e16c,0xa5331e8929b83e66e15b4f199f5cd78ae61c60f3

2021-10-14T15:49:22,0xe9bae6ee70434ed24dd84eee009955ac5d89fa74c0e1f8944adb2991820c5314,1.55,0xd5ffcabf2ba93b4c30698b0398dfbf1af3163a61,0xa5e2bb97de3c62ca06f1a2293eb7e01c114e9a49

2021-10-14T06:11:33,0x73013415c90d8e4ee738645835514906345a98cecec2b40af561778794971909,1.26,0x774726767fbdc6231723da46c23ad7ba1a2865b2,0x1c7a993458950336faae24bea4a79169b1eca6d0

2021-10-13T19:08:52,0x937db5693e47acf098d4943f9a6eee0cc5ba33e98aa3047e0c43fda1d25586a7,1.55,0xdebd23d4f7706d873ff766ed025c5854a732a463,0x3546bd99767246c358ff1497f1580c8365b25ac8

2021-10-13T18:28:00,0x2cfd9bf32609f6ae233be274ed985bfbe70724fe59ca401cf25f24b39c970504,1.2,0x60e2334e6b23470e78c5d6240f1fcbf13092b2bd,0x1fdb5c972355e9f3b1ab8588aa613b4bfc291564

2021-10-13T16:12:44,0xf8e54f974d15d24764f4194903cbc1809fbfad67241a63ab7fdf8e20b5e86c92,1.3,0xd9dd3bcf5bfcdeffc2909a2febeb1a233a059776,0x1fdb5c972355e9f3b1ab8588aa613b4bfc291564

2021-10-13T07:15:20,0xedd05b7af62b700b146f86eba337db0ed3c5cf0fe25597c195c7aa5c8fe07ed8,1.29,0xe332f681df35f683eaf889e470ee6d7267dd80ff,0x89b7f3c7b61ca77cdf515095ff194df82636f2f5

2021-10-12T21:34:14,0x4431a8d75759bf322e0298b5432df49d4ef0c04865177f3b1560aca07141c4d7,1.62,0x25aaf13451e66f4f322a6105f7b295d1a7e9da96,0x76c89bfbb83c7b712e968a10bf7a6b3818487f46

2021-10-12T20:16:15,0x2030f95f3005b7e3de17a86acb5c85b0438d9c415f3292eacbc0b18bd1366970,1.3,0x17e72a77a84c2705e77c686a3f756ce9d3637c58,0x49e5e9239890789393110f36f1ba88a4d1e95a9f

2021-10-12T20:08:47,0xabc0dcf98c47b6b98edfd5352233a4f6e3a3169033604227f499b0e589774492,1.1111,0xdab34a1b004a687f9b70e8db73b10a0db6a2705f,0x6305e1ac90be03abc2c7a0866d51e46562247d1f

2021-10-12T20:04:12,0x5c74c552d74e0fe67cf17f6428cabf2b064b9f1450e65fbc857a3da094d99cbc,1.1,0x2082c5a3c08a4d5ade0ce779e24b463daa241646,0x6590b3665a6d0e9e767a410291ac5c5665416e5b

2021-10-12T19:57:29,0x7fa77a20e892f3e8a3b8f23bb17e47330d8f461fb2f9a917035e407edbb9455f,1.1,0x4f2afa8fc8364f22be45dbff92332f34154f9f6d,0x78a1450692a739396475ea201a312942f9fb0c2c

2021-10-12T19:49:09,0x78673269ee7e5c0e22e488aeeac24013022e0795f130e9859e5fd2b7fb8720d9,1.05,0xdee0075b89869cc40135468e861dec990bb4ad6e,0x02567d98dba79f6acf3798521fb517aa6f40a888

2021-10-12T19:26:48,0x0b7e56349f897c535e6b68d2aca7d2d34c022e254c45fb4fffb824f600b00b8c,1.069,0x7b50893c0b4f05e167f32707f1263b179634d869,0x012e75604e0f32e4033d69a4691657998b569c43

2021-10-12T15:28:54,0xb3a94ee55ada2f609318c9080dbf8c5fe3148f2fdf73b46c83c88794043ff93d,1.0,0x01d858a9b9b00125d2c8b8ca6bee042371de6e12,0xb692704d590e224c67fa96830c4b2526fccaf3a3

2021-10-12T15:28:43,0x69c2fbaf46dfaf8e8153b37eae041c6bb04ad6a69879d9937f0079be46f81e9f,1.069,0xf14c883b4940e0f8c4257d72674f003d8b6cdb58,0x09800064d8321571e657c507e62ca92faf5c039b

2021-10-12T14:31:06,0xd147a7750d9c55fd31a0e1765e24d6a6c8cfc1d0dc4ac15478e5f9e58878ec1a,1.049,0xf06d1b21b9835569bcb5edddddd6e2d898d5b663,0xa5eae3eacf95a344cc5c54413729cf5331b9b495

2021-10-12T12:26:18,0x477c60f395d93b74c397847925ca6892afa0ce225fd5953499c97adeb45d2e8f,1.05,0x89b7f3c7b61ca77cdf515095ff194df82636f2f5,0xa97a886cfa62ea3806a4382e5b4e6367d057f0ca

2021-10-12T02:33:54,0xb87588fd7b2c022219ed2e78a98c9fa8ebc6c08ce76b7e2697e78aca0b730d45,1.068,0xed2d5cb920be21dddd88c4b03851183b539d3d2d,0xc8ed3c2d1509fcf3a3c97c68de3dba66381d337c

2021-10-12T00:43:50,0x2ce85a567d1d289e5129adb1d4bfef559d9dd046f05f7eacfe881afa580bea8e,1.01,0x641891adbecde56492f86330dd89059c8119494d,0x549022ad5cd11816eb7ce6ea15ae61c1fb4edb8a

2021-10-11T22:07:20,0x0e562fec42089b52f3657c67896f8815bdcc5af5355c2a5a5e8630da52ed480f,1.068,0x006a8a496889e9983a5256f34b608ee9569ba319,0xd031c48fa2098d927a5174c3535d83216931461f

2021-10-11T16:21:51,0x1f981f4e75a8f4fc994bc971680dc3aca489b746c7f787bc7c72ec9721378390,1.0,0x805b2aa0a12bae969b42cb520b3788ef0c48236a,0xb18e3c41faf4139b89b4ebf1f5ef645a3ad0ec7f

2021-10-11T15:47:02,0x9fc6ce462ecc4ad986708f4a66b49febff6b1dfa19a4c69356becf418b2e8700,1.145,0x3d9f185369ec7a6fd1be7c1b9f828c9c35a862bd,0x90c5c5affe4a64611ac677fe4981481d16d2ee21

2021-10-11T10:37:11,0x2a270ff34f6305c50c35ae8dd81e21103f4297cdb63defadba9945ec85c13daf,1.069,0x82c07718fa2565d5b653e563f6508b71771edfce,0x1eb7b04236b95943dcddfd2e96dbb1ba3b37f44c

2021-10-11T07:39:33,0x035fc358f08c14212cfa2169430db6ed528b9f523c976b2d00ff1ec7cca7c71c,1.14,0xa25243821277b10dff17a3276a51a772fd68c9de,0x4b18d92b4c88e8e0a718a9ea8d1271e5277e6e10

2021-10-11T06:59:39,0xc27ec32c7d7d9c52723f1303b2c0ce61f29b5e57739a0e74227be1b0dbb4682f,1.01,0x27db134012676a0542c667c610920e269afe89b9,0x3febb7a93aa9865c7bc1ae14dcc94ff0a7132d46

2021-10-11T03:36:09,0x24d6ec56810978c873cab45e88087feeb6ad1458b4e07c10c9ff9273b8057964,1.2,0x793a68e64214a1c4a0406a214874b60781320596,0xcade9fd4933b1a292b991d25ef086d5c3b7ddb87

2021-10-11T03:28:04,0xf53edae51680ae1d5508c41bc030b65e1af6d220901339750ad296d0d38bfddb,1.15,0x559113d9eefdb5426351cacc37342179233bae9f,0x895b6df95eb70309e3e0b91625682f3b92d75c44

2021-10-11T01:10:33,0xc2c1ef769d97c9364bae5acb4146fed59d471fec5bd258da1b8e975832c2132e,1.1,0x17c5654e6b88ad551053d33813262d3e757b3074,0x7c06c7be45b627ab773ae860bfae74a5bf996bc4

2021-10-10T23:06:55,0xe7c778310cc6e69aa27a591243bd533bf318e1863894c78abe004b8704ed2216,1.14,0x3265a39fa1bdd28b9029568208e3cb4639adbf3e,0x19088350f875844687d590fa6423b8f834fd109f

2021-10-10T19:38:14,0x1641ab1ac1757ff64533572e92bc1ef7878d3d9ee22450a9c74901d9b487019b,1.05,0xff2779e68e24b725c625f514acb36736a23391e8,0x89b7f3c7b61ca77cdf515095ff194df82636f2f5

2021-10-10T15:46:24,0x6e96c895901d4398e0795c25d0c55b12ea22d81c83caf3729a8ff42fb796a8bc,1.1,0xede0df61313246a214a90707014ce77c36ac252d,0xda641f45869f9c8697be0057a4093678b06bc4f3

2021-10-10T11:14:59,0xc4045ca2c32eaaa603fc498c6519b68fcb1d67e14c583b7add5068a8c17ad77e,1.25,0xc00f7186a642944bcd9f3fcb1e8df5e641f6cfc6,0x88889778402dcf6cf363bb9ac47f7a2d8e77a2af

2021-10-10T08:54:08,0xdd3e30510ad96503b5ee7a042cf72c4bf84530b232914ccdf66ceb2b999dd80d,1.39,0x5efdb6d8c798c2c2bea5b1961982a5944f92a5c1,0xcdcbd44526006122306293e4e2ae7f2d7352363e

2021-10-10T05:20:39,0x95e3b78d5f789b22d957648ec2b131152cf620c33a1cfeb6a3c5f0830d16bb9f,1.438,0x3265a39fa1bdd28b9029568208e3cb4639adbf3e,0x0a2e59e0f821fa7ed4f32bfd111840d53e95a149

2021-10-09T19:38:55,0x2714959cbfce98069f24ec763431e22822a2eef4523afa7f212db04d002093dd,1.5,0x148089038088cc49cdcf26e0f96776c25e5cfacd,0xf532920bb32122d6475ad4cc7634dc3a69631902

2021-10-09T16:44:03,0xe15f9faef490385cdbff9bc59787708d363eae4a3e33e8106d07650ac36fcbd7,1.5,0x1b3f0bea0b2b2550e5ab6f527a915bb3d13e3880,0xf532920bb32122d6475ad4cc7634dc3a69631902

2021-10-09T15:50:17,0xb186bf5a9e19182ac3b879d5181d8d7e82851345eca39396183ed57c28ef6961,1.5,0xb4888d62eae94d810045e0f450e1cfd2f38d1519,0x4e2cb2ebe7299181bd982d89b352e1e6cc00e0a2

2021-10-09T04:20:48,0x63f71a76690cfba2ff4700cab95f9c2edeee12d74c822191eb0e9f0c29592cae,1.2,0x1e2f204261221c8ea37680b99bc38c7b0511f4cc,0xdb01fedf75c733a46ae97676445b6180d8826455

2021-10-09T03:54:01,0xdccf291a362a7a120ef176ba26a39da5546296d56efc08eadc002037fd5993f1,1.4,0xe36a124caa7ee0b75a96a934499ce68dac6d9562,0x1fdb5c972355e9f3b1ab8588aa613b4bfc291564

2021-10-09T03:40:02,0x8121dd2ee60f5393f737cbc9d537e227e3ce01c0e1e8855fa49d609dcba29baf,1.7499,0xa48ae1c287fa6de4581ca3e00f0a481a1ae80778,0xa698cade532bf7491f0f887284f8e10e2de97198

2021-10-09T02:29:19,0x4ec79008aff0007dd28b221d31f5ab750f05e5893e3c1e002db7718445fddaba,1.7,0x3b8b35d37abc65ccf7c78bd677241870417c8451,0x664fe01207dc37c84a97a8dcdc28bcc1da6bee57

2021-10-09T01:46:52,0xf41b259231c3a031791f79ffa7e81631ca3f2d0cfda5b16c764005afec6941d6,1.65,0x425cf119cd9f0200d0c8fae2c38de9526dfbcfb1,0xec36697c3c8c8e385b37e17df40dbcbe2dbd9ffc

2021-10-08T23:46:11,0x5df09ce9b0ad20fd1215a0feeffd106dc5316a44a2d9e05933802acece9a4c59,1.6969,0x7b41f235e12ae2d3696caae3f921412d7c2fca2b,0xea39c551834d07ee2ee87f1ceff843c308e089af

2021-10-08T23:38:35,0xcd87d88e3f44b11f264128459c376d0882d57e127fcf08a032cec44a6e197a3c,1.8,0x25aaf13451e66f4f322a6105f7b295d1a7e9da96,0x34cc31367cbcbe357fd6a1d470bc914d8840dcb7

2021-10-08T22:59:48,0x155e79692e2b19f3dd9668d91b4e873b96c4965e6af94a4507e61ad2bcfdc162,1.6969,0x12ccdf3513f8f09f4c0e6ad7821988a7a8ac0be1,0xee0d226287f838da6ab7eb10f72bdc14b735c168

2021-10-08T22:21:11,0x612d5794905d36b856d892e5d2df8fa8805f680127035094a3013f073306c914,1.6969,0xc8f1a199eeb0eccedfb0f401b828ee6fb894aaa7,0x7d8673f294f1ddc2e703a01af3205fb98a984a58

2021-10-08T21:45:16,0x5f062d102ebd84adbd9adb15fc19a5a146b0adc920982da198e3c1749f7abec0,1.69,0xde731672533d772c4a21bfa0353299c320151de8,0x6cc6f59f7016a83e1d7c5fad30cdd8c4cdb4aad1

2021-10-08T21:43:10,0xf8d61c6f7a8a5ddeb79a9d13e6150fa1955bf292720ee819e396eefda3278dd2,1.5,0xe487ed5ec80cca6e8a44f6d6f3f712088df8ad4f,0x19010d5d3db8658af6cec235177d475a1839a89e

2021-10-08T21:16:40,0x0894ebeca1e7db6fed28e09d363d73c8fd1de203a5731e6f701b5fd2499c02dc,1.47,0x440b4a49248f25a9cf514ad8c1557cbf504ed5c4,0x823a4b282f6c8c78fbf2c63860e777c395e5f213

2021-10-08T20:47:53,0xe1ff141ef5370a61b17732fd4568e81ac424ddad377cff17f6db9baa066ff4b7,1.468,0xa4c13034bff64bb763a256f66819182ad7348134,0xa2201f091b2e8e5f8adaf8b023b99322b9ea5e66

2021-10-08T20:42:12,0xf15a4b56e0188f67fe4d47d8d5fbfa307ed2b0cda24368cead4fd8a3182d2c97,1.37,0xfc273140fdc4124ba9a8bb05e8d269816d623a31,0x9a3587d30ddb186ba9ca98219c128d59667ab89a

2021-10-08T19:45:12,0xe4225672acfc6c13249e607eddf0d602ded8f0904419eb0e57a099700250f01e,1.45,0x549b6b0af3877eea8677e49f09271e7ce181bde0,0x0938c0a225f59f9ae4f2db1d7be7aaee75db6654

2021-10-08T18:30:04,0x5cc471bab128996975637ecf01141343eddf389ebce1229113114445a4fb46e9,1.469,0x7260f7927a25949c15b7c4cbcf936510bf34c81b,0x7d544a853dbcd39a53315e7002f4951a6d2f080d

2021-10-08T17:14:46,0x3c853e3820a30d4f493e350a03ddbd5e3b905181080e70ffe808876f1e2ad8ac,1.55,0xa5389c91805814d5a2e0b98b6dadda995e82a144,0x28335276026bf160a4c2e8e03703a7fec024e731

2021-10-08T16:45:55,0x45dd9f34c9965f9fb0ca76e3f4cc537a9a5fa8ba646ca9390e354bdff30c99ec,1.29,0x7a72610aba824163d340f63dff7515a839156b04,0x8d1bced2a1fdcb9f5255b454695854ce6f381055

2021-10-08T16:38:06,0xdaf238b5f9437a7bd4ff188e7ea1898d1ee8eb0eb25ebb510d55239b1fc83233,1.333,0x1319f045e5b70627fe8fe0aa4aa14dacf337f666,0xa309e257db5c325e4b83510fcc950449447e6bda

2021-10-08T15:44:02,0x9e5181f56d8f5c2002a9793039d69bd8ccf44dde1f2d3ee0de4f75710ec7d4fe,1.569,0x7260f7927a25949c15b7c4cbcf936510bf34c81b,0x679d5162bad71990abca0f18095948c12a2756b0

2021-10-08T14:58:17,0x5c492d9bbab1e2c2d81a343e38cb954aa56e9e0917495ff409a7a38ab7cd1c6c,1.5,0xe4c906a83cdaaf264fa7c0999832b5426fc47272,0xaff1bf27f0ae7ce8ac0b7d3ec7638933ede0194e

2021-10-08T14:27:24,0xc2cc9be1c4392b62337490d2430fdec05c19a77624038733045226b4b5fbbe3c,1.7,0xcf2834dec5bac5c86545cd928403c512a7cf45e0,0x3635b3d38b971ed37b17e6e1ac685af87bc8d930

2021-10-08T12:57:57,0x3353b77eaa22e691c9b184fff87d877394daa65c76fd300f6965b2aada9b5a71,2.2,0x8f445aa67c45805dd9a99f3a7224cbd3ba5ef569,0xd396b4b319995b2227f3abe3c170b1affa16dde3

2021-10-08T12:55:14,0xea05797e1f7d55d30f464cf9417ed6a45f1c9a685a98cfd630aaf8a7a3b6870c,2.0,0xde97bc3e0dbf352bd8841393c98679dfbb2232ec,0x3a3f517b18bac11348ac690ff306fcb44cd9fc62

2021-10-08T12:52:54,0xf943edbfab8c5b50e31b255a9c95442967a77af1c499c80fbe657ac866ba5995,1.95,0xed690606f908361c26bd2b1ad4fa31ed201dca4c,0x1bd7e95c3a5cc69213c205bec4487e2d95008fda

2021-10-08T12:49:00,0x0605f191c3b47cef16b6c3197c8949949424fbd0f56d4176f4ed58621a73a568,1.5,0x7d19fed01d5d0d6b2f9bf08df8fdd4652eba4e58,0x00bd53913a82f36e5796ed7d30f1b2a15cd31c20

2021-10-08T12:48:10,0x5c284454aa31e0ef3dc64246912e55c07baf7ff1179967c56982f313ff167ec8,1.4269,0xea811d90903039c713fa14eb29e61bac6620fbcc,0x750a31fa07184caf87b6cce251d2f0d7928badde

2021-10-08T12:44:52,0x62c4e7574a4207aa0ded0bbfc6b96b3168b8c1779d232a74aae70faffbf6b0c4,1.3,0xe28ad49154d0de74133a6a0ff4031e01babac0ce,0x195d0b13f77091240a65418d6de2434c1c6762c2

2021-10-08T12:31:43,0xb5a5620463bd5bdc3fb845d7a0b466d487089d1e330c44c92a00aa6b6a636fe1,1.249,0x735ed02655bca15ec46491c0de4946591135459b,0x83b5654564caee5c8e86a314b4e62330db99ce16

2021-10-08T12:16:45,0x967e38e44a539f001f9fa4dbf4332f75c8261142fca698ba2544a8d173a65e33,1.25,0xd396b4b319995b2227f3abe3c170b1affa16dde3,0x00bd53913a82f36e5796ed7d30f1b2a15cd31c20

2021-10-08T12:14:43,0xbf26acb775d83083b7c7d2b2ff7fb6b86dc697e52c042e037ca542abe11bd13e,1.25,0x07a2797a8ead21b707a67bf2a656ccc552b44fe1,0xcafebabe86cbb8534134d96f746dccefcfe3babe

2021-10-08T12:10:42,0x0cdee4eb6c589e429a0ce46e2878d3df552380497d19978f5c259cd6281662ba,1.245,0x89bde316a5aa59d9995fc82b217308abae60257c,0x750a31fa07184caf87b6cce251d2f0d7928badde

2021-10-08T11:55:34,0xbc87ff6afc4fe95e96bc2410353b36330716697d15cfb92b75794fd3f78eca92,1.239,0x69c0e38b72b7ea3daa6f8c519e7b6e5f6754fd74,0xcafebabe86cbb8534134d96f746dccefcfe3babe

2021-10-08T11:06:24,0x9177c1f76dd1f2fd8bac8a78841d4f30b141e2e0fe42d82a6cbd397531859e1c,1.22,0x6e5156d82e6a098ce6d0225ecb688e6e0fef735f,0x58d49377c74fe5aa1c098d9ed4161248b73faa30

2021-10-08T10:44:47,0x66cec8e859e72ca8dbc56450a389a85b0dccc902811c832b111c26e513f53cc2,1.1,0x241e8b5475867e10781549d7b96c9691772099ff,0x668e961736454a2444adb485340cb7f0844ddd3d

2021-10-08T10:22:30,0xb47d1f039306998dd93e25692917ba53f5bb386ebfc098d8b995cb0cb19801eb,1.15,0x0eeb91bfb03a18c593c20d9b277640e26f0bc9e8,0xa496b117694823fedc9254f7ff0d723d015f24c4

2021-10-08T09:56:14,0xb1f600909e685bb37e10c08a476c8739cff6cb3d694396cffd5b98e739293596,0.949,0x4a1536c56a7076f91663a1df9f99d9120152740a,0x0e5a1d84ed69067c078596bc6a17452425b005f1

2021-10-08T09:53:21,0x66b9aa734bb6caa4247e3555e79ed218447f83038304440608ab33561a373de0,0.9,0x0e69633e37cffc319202c53ba03758f0d5ef11fe,0x7c0788221b84c1865e87bb012cc69ebaa2e2e461

2021-10-08T09:33:54,0x1e26285358f145ea519942b697e3677f9ef9a50189e5ad1f27a1bd43e5d1f00d,0.95,0x7514c98e42ab83bc914411e18b7703f5c9699ae5,0x6590b3665a6d0e9e767a410291ac5c5665416e5b

2021-10-08T09:20:26,0xbaf2340668ef488fbee9a684c24bbf860d3bc3eae17ac7f32e670f1698929dc3,0.93,0x5741553f19a9e0cf007118d6bccd14ae42280292,0xd751d6c31031538975b473e34a66e6f88f8a5f0b

2021-10-08T09:10:43,0x8c8d76832d348fe53682de30375327440bcdc8c1d2ffa1305ab85e712eba3106,0.929,0x92362e4db8db96c8103f3173d1867643b1cd2422,0x07cbd4e4473140b6078aa987907aaff5e500b9f1

2021-10-08T08:59:16,0xec540ffb84585038d4199d801bec2ee26461a7e53f2ea860d6fd093df65cdf56,0.9,0x0f5f7cc05ba191db71d48ce4c1da316bdd10b544,0x05c232ce5bcc9bfdb838b41a7870aea5e4fa0fa8

2021-10-08T08:52:04,0xdca96153318669bd3eee1bf5d5edcb9f91f7be722797e21d936d57264a41dc28,0.9,0xb394f1aa30ba874df3ae6097bf4c2474b2d8f3ac,0x3753fa57980fd180655c281158e428ca994d6dfa

2021-10-08T08:51:57,0xab6bba411d61a93c40d516fe3d4bbbacbb10cdb456afddbf3291e41835a74496,0.7,0xbc0a8358507fd406fa97ec82aeb6fa057e9603e9,0x07c5c23c540f9d396d5cb4e6b36377f73e8ce1a9

2021-10-08T07:59:58,0xd166b76cb55925fdc6e54511ea5eb162af506c3ac29c0c97a4954a61676ad633,0.94,0x0eb8c83d2b8296a4c83080137fc3b1b81e311680,0x4bff9b3ede66c6daf42d6deae4c784c520ce5ac1

2021-10-08T07:32:23,0xdc79f553956883e8d791a70656db98b465c28d27fd92da3c50e932d5c7218557,0.6,0x90ba17dc59e1b8a75cdd898e7a63d8a741277541,0xf490a981508b7fecb25e9c5c5d12aed78a620181

2021-10-08T07:31:27,0x359d173ed7d0b30cfb585081ae59e89324e8cb9b1ff5ffeef80b8c3642c368e3,0.8,0xd396b4b319995b2227f3abe3c170b1affa16dde3,0x47c2ac06520722aaa3e32d99ec6a2352b48b1b8a

2021-10-08T07:15:34,0x494d77c1c62b357cffcf2d799db095920b3632dce19fc9e256ec212f659a0dd5,1.25,0x0fdef4117fdd46fb741eeb408a08110e60718ad5,0x906e90df32f9b6b06f2d9939633b085346eea10b

2021-10-08T07:11:41,0x6acb990606cf4e501581f96f2f1b69ea5ddbf457628d44832caf08f0c971631e,1.01,0xf9c11707d1f5fe2b7f4c82b2772543f2c4ef165a,0x6d8dec3fd68d94a7189a98346ea52b4d32e00012

2021-10-08T06:56:50,0xa05a1063633565ebfa78e1c41eca9746f08cbd8dc700edae201cef56c769f42a,1.0,0xc1e42f862d202b4a0ed552c1145735ee088f6ccf,0x3e64014d2d3f0c3a3b0404110cea9060b4565e61

2021-10-08T06:38:34,0xacaadeb7553761c346e26b13c12e778c3a6758df2e237dccc3f96ee7c6224ce7,1.25,0x405020c797a64f155c9966c88e5c677b2dbca5ab,0x649f69ccd077da03dfb11f4b1daab4b625f5e9a3

2021-10-08T06:26:45,0x495b62490ac8a59412c1d0a22bcd9aa3aa30b25d7c4fdfbbd2451beffe38f105,1.0,0xa7b9744287f8d48e56adaefa21ea680e5c13a4d4,0x5438f01ebba17c7ee279af990d0a8a02267833e4

2021-10-08T06:04:43,0x03eceb3d63648e2ca6de72d4272a624b62d5fbc6b9c3938d0aac27b878e467f1,1.0,0xf9c11707d1f5fe2b7f4c82b2772543f2c4ef165a,0x5b6a8b298daba526ecb7f51a517df1fc26098327
